{
	"feature": "cavernous:biomes/lush/fungal/weeping_vine",
	"placement": [
		{
			"type": "minecraft:noise_based_count",
			"noise_to_count_ratio": 85,
			"noise_factor": 1,
			"noise_offset": 0.3
		},
		{
			"type": "minecraft:in_square"
		},
		{
			"type": "minecraft:height_range",
			"height": {
				"type": "minecraft:uniform",
				"min_inclusive": {
					"above_bottom": 0
				},
				"max_inclusive": {
					"absolute": 55
				}
			}
		},
		{
			"type": "minecraft:environment_scan",
			"direction_of_search": "up",
			"max_steps": 24,
			"target_condition": {
				"type": "minecraft:all_of",
				"predicates": [
					{
						"type": "minecraft:matching_blocks",
						"offset": [
							0,
							0,
							0
						],
						"blocks": [
							"minecraft:air"
						]
					},
					{
						"type": "minecraft:matching_block_tag",
						"offset": [
							0,
							1,
							0
						],
						"tag": "cavernous:all_cave_blocks"
					},
					{
						"type": "minecraft:not",
						"predicate": {
							"type": "minecraft:matching_blocks",
							"offset": [
								0,
								1,
								0
							],
							"blocks": [
								"minecraft:brown_mushroom_block",
								"minecraft:red_mushroom_block",
								"minecraft:mushroom_stem",
								"minecraft:shroomlight"
							]
						}
					}
				]
			},
			"allowed_search_condition": {
				"type": "minecraft:matching_blocks",
				"blocks": [
					"minecraft:air"
				]
			}
		},
		{
			"type": "minecraft:biome"
		}
	]
}
