{
  "type": "minecraft:max",
  "argument1": {
    "type": "minecraft:add",
    "argument1": -0.2,
    "argument2": {
      "type": "minecraft:mul",
      "argument1": "tectonic:overworld_large_biomes/wackiness",
      "argument2": {
        "type": "minecraft:add",
        "argument1": 0.2,
        "argument2": "minecraft:overworld/base_3d_noise"
      }
    }
  },
  "argument2": {
    "type": "minecraft:add",
    "argument1": {
      "type": "minecraft:mul",
      "argument1": "tectonic:overworld_large_biomes/wackiness",
      "argument2": "minecraft:overworld/base_3d_noise"
    },
    "argument2": {
      "type": "minecraft:add",
      "argument1": "tectonic:overworld_large_biomes/depth",
      "argument2": {
        "type": "minecraft:mul",
        "argument1": "minecraft:overworld_large_biomes/jaggedness",
        "argument2": {
          "type": "minecraft:add",
          "argument1": {
            "type": "minecraft:mul",
            "argument1": -0.1,
            "argument2": "tectonic:hbridges/weathering"
          },
          "argument2": {
            "type": "minecraft:add",
            "argument1": {
              "type": "minecraft:flat_cache",
              "argument": {
                "type": "minecraft:mul",
                "argument1": "tectonic:hbridges/ridges",
                "argument2": -1
              }
            },
            "argument2": 0.6
          }
        }
      }
    }
  }
}