{
	"parent": "item/generated",
	"textures": {
		"layer0": "minecraft:item/white_dye"
	},
	"overrides": [
		{
			"predicate": {
				"custom_model_data": 1
			},
			"model": "animated_java:empty"
		},
		{
			"predicate": {
				"custom_model_data": 2
			},
			"model": "animated_java:item/spouter/head"
		},
		{
			"predicate": {
				"custom_model_data": 3
			},
			"model": "animated_java:item/spouter/left_arm"
		},
		{
			"predicate": {
				"custom_model_data": 4
			},
			"model": "animated_java:item/spouter/right_arm"
		},
		{
			"predicate": {
				"custom_model_data": 5
			},
			"model": "animated_java:item/spouter/body"
		},
		{
			"predicate": {
				"custom_model_data": 6
			},
			"model": "animated_java:item/spouter/left_leg"
		},
		{
			"predicate": {
				"custom_model_data": 7
			},
			"model": "animated_java:item/spouter/right_leg"
		},
		{
			"predicate": {
				"custom_model_data": 8
			},
			"model": "animated_java:item/frog/arms"
		},
		{
			"predicate": {
				"custom_model_data": 9
			},
			"model": "animated_java:item/frog/body"
		},
		{
			"predicate": {
				"custom_model_data": 10
			},
			"model": "animated_java:item/frog/legs"
		},
		{
			"predicate": {
				"custom_model_data": 11
			},
			"model": "animated_java:item/chest_wood/lid"
		},
		{
			"predicate": {
				"custom_model_data": 12
			},
			"model": "animated_java:item/chest_wood/main"
		},
		{
			"predicate": {
				"custom_model_data": 13
			},
			"model": "animated_java:item/giant_moss_crab/shell"
		},
		{
			"predicate": {
				"custom_model_data": 14
			},
			"model": "animated_java:item/giant_moss_crab/left_eye"
		},
		{
			"predicate": {
				"custom_model_data": 15
			},
			"model": "animated_java:item/giant_moss_crab/right_eye"
		},
		{
			"predicate": {
				"custom_model_data": 16
			},
			"model": "animated_java:item/giant_moss_crab/left_mandible"
		},
		{
			"predicate": {
				"custom_model_data": 17
			},
			"model": "animated_java:item/giant_moss_crab/right_mandible"
		},
		{
			"predicate": {
				"custom_model_data": 18
			},
			"model": "animated_java:item/giant_moss_crab/left_claw_top"
		},
		{
			"predicate": {
				"custom_model_data": 19
			},
			"model": "animated_java:item/giant_moss_crab/left_joint"
		},
		{
			"predicate": {
				"custom_model_data": 20
			},
			"model": "animated_java:item/giant_moss_crab/left_arm"
		},
		{
			"predicate": {
				"custom_model_data": 21
			},
			"model": "animated_java:item/giant_moss_crab/right_claw_top"
		},
		{
			"predicate": {
				"custom_model_data": 22
			},
			"model": "animated_java:item/giant_moss_crab/right_joint"
		},
		{
			"predicate": {
				"custom_model_data": 23
			},
			"model": "animated_java:item/giant_moss_crab/right_arm"
		},
		{
			"predicate": {
				"custom_model_data": 24
			},
			"model": "animated_java:item/giant_moss_crab/body"
		},
		{
			"predicate": {
				"custom_model_data": 25
			},
			"model": "animated_java:item/giant_moss_crab/left_0"
		},
		{
			"predicate": {
				"custom_model_data": 26
			},
			"model": "animated_java:item/giant_moss_crab/left_1"
		},
		{
			"predicate": {
				"custom_model_data": 27
			},
			"model": "animated_java:item/giant_moss_crab/left_2"
		},
		{
			"predicate": {
				"custom_model_data": 28
			},
			"model": "animated_java:item/giant_moss_crab/right_0"
		},
		{
			"predicate": {
				"custom_model_data": 29
			},
			"model": "animated_java:item/giant_moss_crab/right_1"
		},
		{
			"predicate": {
				"custom_model_data": 30
			},
			"model": "animated_java:item/giant_moss_crab/right_2"
		}
	],
	"animated_java": {
		"chest_wood": [11, 12],
		"frog": [8, 9, 10],
		"giant_moss_crab": [13, 14, 15, 16, 17, 18, 19, 20, 21, 22, 23, 24, 25, 26, 27, 28, 29, 30],
		"spouter": [1, 2, 3, 4, 5, 6, 7]
	}
}