{
  "type": "minecraft:crafting_shaped",
  "category": "misc",
  "pattern": [
    "aaa",
    "asa",
    "aaa"
  ],
  "key": {
    "a": {
      "item": "minecraft:amethyst_shard"
    },
    "s": {
      "item": "minecraft:sculk_catalyst"
    }
  },
  "result": {
    "id": "minecraft:white_dye",
    "count": 1,
    "components": {
      "minecraft:custom_data": "{ldsummon:1}",
      "minecraft:lore": [
        "{'color':'red','italic':false,'text':'Keep it away from any beam of light!'}"
      ],
      "minecraft:item_name": "{'color':'dark_purple','italic':false,'text':'Crystalized Soul'}",
      "minecraft:enchantment_glint_override": true
    }
  }
}
