{
	"display": {
		"icon": {
			"id": "minecraft:exposed_cut_copper"
		},
		"title": {
			"text": "Hint: Pipes"
		},
		"description": {
			"text": "These pipes connect the whole citadel together. Is the blood supposed to be inside it?"
		},
		"frame": "task",
		"show_toast": true,
		"announce_to_chat": true,
		"hidden": true
	},
	"parent": "cavernous:expansion/secrets/hint",
	"criteria": {
		"parent": {
			"trigger": "minecraft:location",
			"conditions": {
				"player": [
					{
						"condition": "minecraft:entity_properties",
						"entity": "this",
						"predicate": {
							"stepping_on": {
								"block": {
									"blocks": [
										"minecraft:waxed_exposed_cut_copper",
										"minecraft:waxed_exposed_copper"
									]
								}
							},
								"location": {
									"biomes": "cavernous:the_undergrowth"
								}
							
						}
					}
				]
			}
		}
	}
}
