{
	"feature": {
		"type": "minecraft:random_selector",
		"config": {
			"features": [
				{
					"chance": 0.2,
					"feature": {
						"feature": "cavernous:biomes/lush/marshy/clay_pool",
						"placement": []
					}
				}
			],
			"default": {
				"feature": "cavernous:biomes/lush/marshy/mud_pool",
				"placement": []
			}
		}
	},
	"placement": [
		{
			"type": "minecraft:noise_based_count",
			"noise_to_count_ratio": 50,
			"noise_factor": 2,
			"noise_offset": 0.1
		},
		{
			"type": "minecraft:height_range",
			"height": {
				"type": "minecraft:uniform",
				"min_inclusive": {
					"above_bottom": 0
				},
				"max_inclusive": {
					"absolute": 57
				}
			}
		},
		{
			"type": "minecraft:biome"
		},
		{
			"type": "minecraft:in_square"
		}
	]
}
