{
	"type": "minecraft:tree",
	"config": {
		"ignore_vines": true,
		"force_dirt": false,
		"minimum_size": {
			"type": "minecraft:two_layers_feature_size"
		},
		"dirt_provider": {
			"type": "minecraft:simple_state_provider",
			"state": {
				"Name": "minecraft:deepslate",
				"Properties": {
					"axis": "y"
				}
			}
		},
		"trunk_provider": {
			"type": "minecraft:simple_state_provider",
			"state": {
				"Name": "minecraft:basalt",
				"Properties": {
					"axis": "y"
				}
			}
		},
		"foliage_provider": {
			"type": "minecraft:weighted_state_provider",
			"entries": [
				{
					"weight": 5,
					"data": {
						"Name": "minecraft:raw_gold_block"
					}
				},
				{
					"weight": 1,
					"data": {
						"Name": "minecraft:deepslate_gold_ore"
					}
				}
			]
		},
		"trunk_placer": {
			"type": "minecraft:straight_trunk_placer",
			"base_height": 3,
			"height_rand_a": 2,
			"height_rand_b": 2
		},
		"foliage_placer": {
			"type": "minecraft:blob_foliage_placer",
			"radius": 2,
			"offset": 0,
			"height": 3
		},
		"decorators": []
	}
}
