{
	"comment": {
		"comment": "Tech made by Apollo https://www.planetminecraft.com/data-pack/the-depths-tech-demo/",
		"type": "minecraft:geode",
		"config": {
			"blocks": {
				"filling_provider": {
					"type": "minecraft:simple_state_provider",
					"state": {
						"Name": "minecraft:air"
					}
				},
				"inner_layer_provider": {
					"type": "minecraft:simple_state_provider",
					"state": {
						"Name": "minecraft:air"
					}
				},
				"alternate_inner_layer_provider": {
					"type": "minecraft:simple_state_provider",
					"state": {
						"Name": "minecraft:air"
					}
				},
				"middle_layer_provider": {
					"type": "minecraft:simple_state_provider",
					"state": {
						"Name": "minecraft:air"
					}
				},
				"outer_layer_provider": {
					"type": "minecraft:simple_state_provider",
					"state": {
						"Name": "minecraft:air"
					}
				},
				"inner_placements": [
					{
						"Name": "minecraft:air"
					}
				],
				"cannot_replace": "#cavernous:everything_but_lava",
				"invalid_blocks": "#minecraft:geode_invalid_blocks"
			},
			"layers": {
				"filling": 25,
				"inner_layer": 25,
				"middle_layer": 25,
				"outer_layer": 25
			},
			"crack": {
				"generate_crack_chance": 0
			},
			"noise_multiplier": 0,
			"use_potential_placements_chance": 0.35,
			"use_alternate_layer0_chance": 0.083,
			"placements_require_layer0_alternate": true,
			"outer_wall_distance": 1,
			"distribution_points": 5,
			"point_offset": 0,
			"min_gen_offset": -7,
			"max_gen_offset": 8,
			"invalid_blocks_threshold": 999
		}
	},
	"type": "no_op",
	"config": {}
}