{
	"type": "minecraft:geode",
	"config": {
		"blocks": {
			"filling_provider": {
				"type": "minecraft:simple_state_provider",
				"state": {
					"Name": "minecraft:air"
				}
			},
			"inner_layer_provider": {
				"type": "minecraft:weighted_state_provider",
				"entries": [
					{
						"weight": 2,
						"data": {
							"Name": "minecraft:coal_ore"
						}
					},
					{
						"weight": 1,
						"data": {
							"Name": "minecraft:iron_ore"
						}
					},
					{
						"weight": 12,
						"data": {
							"Name": "minecraft:stone"
						}
					}
				]
			},
			"alternate_inner_layer_provider": {
				"type": "minecraft:simple_state_provider",
				"state": {
					"Name": "minecraft:infested_stone"
				}
			},
			"middle_layer_provider": {
				"type": "minecraft:simple_state_provider",
				"state": {
					"Name": "minecraft:andesite"
				}
			},
			"outer_layer_provider": {
				"type": "minecraft:simple_state_provider",
				"state": {
					"Name": "minecraft:andesite"
				}
			},
			"inner_placements": [
				{
					"Name": "minecraft:cobweb"
				}
			],
			"cannot_replace": "#minecraft:features_cannot_replace",
			"invalid_blocks": "#minecraft:geode_invalid_blocks"
		},
		"layers": {
			"filling": 1.15,
			"inner_layer": 1.4,
			"middle_layer": 1.7,
			"outer_layer": 2.0
		},
		"crack": {
			"generate_crack_chance": 0.95,
			"base_crack_size": 2,
			"crack_point_offset": 2
		},
		"noise_multiplier": 0.05,
		"use_potential_placements_chance": 0.1,
		"use_alternate_layer0_chance": 0.15,
		"placements_require_layer0_alternate": false,
		"outer_wall_distance": {
			"type": "minecraft:uniform",
			
				"min_inclusive": 2,
				"max_inclusive": 3
			
		},
		"distribution_points": {
			"type": "minecraft:uniform",
			
				"min_inclusive": 3,
				"max_inclusive": 4
			
		},
		"point_offset": {
			"type": "minecraft:uniform",
			
				"min_inclusive": 1,
				"max_inclusive": 2
			
		},
		"min_gen_offset": -16,
		"max_gen_offset": 16,
		"invalid_blocks_threshold": 1
	}
}
