{
	"type": "minecraft:min",
	"argument1": {
		"type": "minecraft:min",
		"argument1": {
			"type": "minecraft:noise",
			"noise": "minecraft:aquifer_fluid_level_floodedness",
			"xz_scale": 1,
			"y_scale": 0.67
		},
		"argument2": {
				"type": "minecraft:range_choice",
				"input": "minecraft:overworld/continents",
				"min_inclusive": 0.3,
				"max_exclusive": 1,
				"when_in_range": {
					"type": "minecraft:range_choice",
					"input": "minecraft:overworld/erosion",
					"min_inclusive": -0.223,
					"max_exclusive": 0.55,
					"when_in_range": {
						"type": "minecraft:range_choice",
						"input": "minecraft:overworld/depth",
						"min_inclusive": 0.25,
						"max_exclusive": 1.1,
						"when_in_range": -100,
						"when_out_of_range": 0
					},
					"when_out_of_range": 0
				},
				"when_out_of_range": 0
		}
	},
	"argument2": {
		"type": "minecraft:range_choice",
		"input": "minecraft:overworld/continents",
		"min_inclusive": -1.05,
		"max_exclusive": -0.19,
		"when_in_range": {
			"type": "minecraft:range_choice",
			"input": "minecraft:overworld/erosion",
			"min_inclusive": 0.05,
			"max_exclusive": 0.45,
			"when_in_range": {
				"type": "minecraft:range_choice",
				"input": "minecraft:overworld/depth",
				"min_inclusive": 0.4,
				"max_exclusive": 1.1,
				"when_in_range": -100,
				"when_out_of_range": 0
			},
			"when_out_of_range": 0
		},
		"when_out_of_range": 0
	}
}
