{
	"type": "minecraft:mul",
	"argument1": {
		"type": "minecraft:add",
		"argument1": {
			"type": "minecraft:add",
			"argument1": {
				"type": "minecraft:range_choice",
				"input": "minecraft:y",
				"min_inclusive": 110,
				"max_exclusive": 130,
				"when_in_range": {
					"type": "minecraft:y_clamped_gradient",
					"from_y": 110,
					"to_y": 130,
					"from_value": 0,
					"to_value": 1
				},
				"when_out_of_range": 0
			},
			"argument2": {
				"type": "minecraft:range_choice",
				"input": "minecraft:y",
				"min_inclusive": 130,
				"max_exclusive": 160,
				"when_in_range": {
					"type": "minecraft:y_clamped_gradient",
					"from_y": 130,
					"to_y": 160,
					"from_value": 1,
					"to_value": 0.3
				},
				"when_out_of_range": 0
			}
		},
		"argument2": {
			"type": "minecraft:add",
			"argument1": {
				"type": "minecraft:range_choice",
				"input": "minecraft:y",
				"min_inclusive": 160,
				"max_exclusive": 190,
				"when_in_range": {
					"type": "minecraft:y_clamped_gradient",
					"from_y": 160,
					"to_y": 190,
					"from_value": 0.3,
					"to_value": 1
				},
				"when_out_of_range": 0
			},
			"argument2": {
				"type": "minecraft:range_choice",
				"input": "minecraft:y",
				"min_inclusive": 190,
				"max_exclusive": 210,
				"when_in_range": {
					"type": "minecraft:y_clamped_gradient",
					"from_y": 190,
					"to_y": 210,
					"from_value": 1,
					"to_value": 0
				},
				"when_out_of_range": 0
			}
		}
	},
	"argument2": {
		"type": "minecraft:noise",
		"noise": "cavernous:myst_base",
		"xz_scale": 4.5,
		"y_scale": 6
	}
}
