{
	"feature": {
		"type": "minecraft:simple_block",
		"config": {
			"to_place": {
				"type": "minecraft:simple_state_provider",
				"state": {
					"Name": "minecraft:hanging_roots"
				}
			}
		}
	},
	"placement": [
		{
			"type": "minecraft:count",
			"count": 100
		},
		{
			"type": "minecraft:in_square"
		},
		{
			"type": "minecraft:height_range",
			"height": {
				"type": "minecraft:uniform",
				"min_inclusive": {
					"above_bottom": 0
				},
				"max_inclusive": {
					"absolute": 80
				}
			}
		},
		{
			"type": "minecraft:environment_scan",
			"direction_of_search": "up",
			"max_steps": 32,
			"target_condition": {
				"type": "minecraft:all_of",
				"predicates": [
					{
						"type": "minecraft:matching_blocks",
						"offset": [
							0,
							1,
							0
						],
						"blocks": [
							"minecraft:rooted_dirt"
						]
					},
					{
						"type": "minecraft:matching_blocks",
						"offset": [
							0,
							0,
							0
						],
						"blocks": [
							"minecraft:air"
						]
					}
				]
			}
		},
		{
			"type": "minecraft:biome"
		}
	]
}
