{
	"feature": {
		"type": "minecraft:simple_block",
		"config": {
			"to_place": {
				"type": "minecraft:simple_state_provider",
				"state": {
					"Name": "minecraft:shroomlight"
				}
			}
		}
	},
	"placement": [
		{
			"type": "minecraft:count",
			"count": 135
		},
		{
			"type": "minecraft:in_square"
		},
		{
			"type": "minecraft:height_range",
			"height": {
				"type": "minecraft:uniform",
				"min_inclusive": {
					"above_bottom": 32
				},
				"max_inclusive": {
					"absolute": 80
				}
			}
		},
		{
			"type": "minecraft:environment_scan",
			"direction_of_search": "down",
			"max_steps": 32,
			"target_condition": {
				"type": "minecraft:all_of",
				"predicates": [
					{
						"type": "minecraft:matching_blocks",
						"offset": [
							0,
							0,
							0
						],
						"blocks": [
							"minecraft:birch_wood"
						]
					},
					{
						"type": "minecraft:matching_blocks",
						"offset": [
							1,
							0,
							0
						],
						"blocks": [
							"minecraft:birch_wood"
						]
					},
					{
						"type": "minecraft:matching_blocks",
						"offset": [
							-1,
							0,
							0
						],
						"blocks": [
							"minecraft:birch_wood"
						]
					},
					{
						"type": "minecraft:matching_blocks",
						"offset": [
							0,
							0,
							1
						],
						"blocks": [
							"minecraft:birch_wood"
						]
					},
					{
						"type": "minecraft:matching_blocks",
						"offset": [
							0,
							0,
							-1
						],
						"blocks": [
							"minecraft:birch_wood"
						]
					}
				]
			},
			"allowed_search_condition": {
				"type": "minecraft:matching_blocks",
				"offset": [
					0,
					0,
					0
				],
				"blocks": [
					"minecraft:air"
				]
			}
		},
		{
			"type": "minecraft:biome"
		}
	]
}
