{
  "description": {
    "text": "Soul Cannon"
  },
  "supported_items": "#minecraft:enchantable/fire_aspect",
  "primary_items": "#minecraft:enchantable/sword",
  "weight": 1,
  "max_level": 1,
  "min_cost": {
    "base": 40,
    "per_level_above_first": 20
  },
  "max_cost": {
    "base": 60,
    "per_level_above_first": 20
  },
  "anvil_cost": 40,
  "slots": [
    "mainhand"
  ],
  "effects": {
    "minecraft:post_attack": [
      {
        "enchanted": "attacker",
        "affected": "attacker",
        "effect": {
          "type": "minecraft:run_function",
          "function": "ld112:soul_cannon/soulspear_attack"
        },
        "requirements": {
          "condition": "minecraft:damage_source_properties",
          "predicate": {
            "is_direct": true
          }
        }
      }
    ]
  }
}
