{
	"display": {
		"icon": {
			"id": "minecraft:lightning_rod"
		},
		"title": {
			"text": "The Gate"
		},
		"description": {
			"text": "Located a mysterious device in the center of the citadel. It looks like it was designed to be powered."
		},
		"frame": "task",
		"show_toast": true,
		"announce_to_chat": true,
		"hidden": true
	},
	"parent": "cavernous:expansion/secrets/story/a1_discover_citadel",
	"criteria": {
		"parent": {
			"trigger": "minecraft:impossible"
		}
	}
}
