{
	"display": {
		"icon": {
			"id": "minecraft:hopper"
		},
		"title": {
			"text": "\"Draining\""
		},
		"description": {
			"text": "Something terrible happened here. What purpose could a device like this possibly have? You should find out where these pipes lead. Some sort of mask might help to breathe in them."
		},
		"frame": "task",
		"show_toast": true,
		"announce_to_chat": true,
		"hidden": true
	},
	"parent": "cavernous:expansion/secrets/story/a3_discover_prison",
	"criteria": {
		"parent": {
			"trigger": "minecraft:impossible"
		}
	}
}
