{
	"display": {
		"icon": {
			"id": "minecraft:potion",
			"components": {"potion_contents": {"custom_color": 8912896}}
		},
		"title": {
			"text": "Opening the Gate"
		},
		"description": {
			"text": "Open the portal to the Myst."
		},
		"frame": "task",
		"show_toast": false,
		"announce_to_chat": true,
		"hidden": true
	},
	"parent": "cavernous:expansion/secrets/story/a6_ascension",
	"criteria": {
		"parent": {
			"trigger": "minecraft:impossible",
			"conditions": {}
		}
	}
}
