{
	"type": "minecraft:canyon",
	"config": {
		"probability": 0.005,
		"y": {
			"type": "minecraft:uniform",
			"min_inclusive": {
				"absolute": 10
			},
			"max_inclusive": {
				"absolute": 67
			}
		},
		"yScale": {
			"type": "minecraft:uniform",
			
				"min_inclusive": 0.7,
				"max_exclusive": 1
			
		},
		"lava_level": {
			"above_bottom": 8
		},
		"replaceable": "#minecraft:overworld_carver_replaceables",
		"vertical_rotation": {
			"type": "minecraft:uniform",
			
				"min_inclusive": -0.125,
				"max_exclusive": 0.125
			
		},
		"shape": {
			"distance_factor": {
				"type": "minecraft:uniform",
				
					"min_inclusive": 0.75,
					"max_exclusive": 1
				
			},
			"thickness": {
				"type": "minecraft:trapezoid",
				
					"min": 0,
					"max": 6,
					"plateau": 2
				
			},
			"width_smoothness": 3,
			"horizontal_radius_factor": {
				"type": "minecraft:uniform",
				
					"min_inclusive": 0.75,
					"max_exclusive": 1
				
			},
			"vertical_radius_default_factor": 0.3,
			"vertical_radius_center_factor": 0
		}
	}
}
