{
  "display": {
    "icon": {
      "id": "minecraft:cooked_cod",
      "components": {
        "minecraft:enchantment_glint_override": true
      }
    },
    "title": "Takoyaki!",
    "description": "Defeat The Abomination of The Deep",
    "frame": "challenge",
    "show_toast": true,
    "announce_to_chat": true,
    "hidden": false
  },
  "parent": "share:boss/spawn_abomdeep",
  "criteria": {
    "requirement": {
      "trigger": "minecraft:impossible"
    }
  },
  "rewards": {
    "experience": 50
  },
  "sends_telemetry_event": true
}
