{
  "display": {
    "icon": {
      "id": "minecraft:wither_skeleton_skull"
    },
    "title": "Oh, f&#k...",
    "description": "Summon the Withered King, good luck",
    "background": "minecraft:textures/block/soul_soil.png",
    "frame": "task",
    "show_toast": true,
    "announce_to_chat": true,
    "hidden": false
  },
  "parent": "share:boss/root",
  "criteria": {
    "requirement": {
      "trigger": "minecraft:impossible"
    }
  },
  "rewards": {
    "experience": 50
  },
  "sends_telemetry_event": true
}
