{
    "display": {
      "icon": {
      "id": "minecraft:wither_skeleton_skull",
      "components": {
        "minecraft:enchantment_glint_override": true
      }
    },
      "title": "So long, Blackburn",
      "description": "Put the Withered King to rest",
      "frame": "challenge",
      "show_toast": true,
      "announce_to_chat": true,
      "hidden": false
    },
    "parent": "share:boss/spawn_witherking",
    "criteria": {
      "requirement": {
        "trigger": "minecraft:impossible"
      }
    },
    "rewards": {
      "experience": 50
    },
    "sends_telemetry_event": true
}
  
  