{
	"type": "minecraft:crafting_shapeless",
	"ingredients": [
		{
			"item": "minecraft:chain"
		},
		{
			"item": "minecraft:chain"
		},
		{
			"item": "minecraft:chain"
		},
		{
			"item": "minecraft:chain"
		},
		{
			"item": "minecraft:chain"
		},
		{
			"item": "minecraft:chain"
		},
		{
			"item": "minecraft:chain"
		},
		{
			"item": "minecraft:chain"
		},
		{
			"item": "minecraft:arrow"
		}
	],
	"result": {
		"id": "minecraft:tipped_arrow",
		"components": {
			"item_name": "[{\"text\":\"Chain Arrow\",\"italic\":false}]",
			"lore": ["[{\"text\":\"Shoot to create a climbable chain\",\"italic\":false}]","[{\"text\":\"rope\",\"italic\":false}]"],
			"potion_contents": {"custom_color": 4080476}
		}
	}
}
