{
	"feature": {
		"type": "minecraft:random_selector",
		"config": {
			"features": [
				{
					"chance": 0.45,
					"feature": {
						"feature": "cavernous:biomes/desert/desert/giant_cactus_flowering",
						"placement": []
					}
				}
			],
			"default": {
				"feature": "cavernous:biomes/desert/desert/giant_cactus",
				"placement": []
			}
		}
	},
	"placement": [
		{
			"type": "minecraft:count",
			"count": 8
		},
		{
			"type": "minecraft:in_square"
		},
		{
			"type": "minecraft:height_range",
			"height": {
				"type": "minecraft:uniform",
				"min_inclusive": {
					"above_bottom": 0
				},
				"max_inclusive": {
					"absolute": 55
				}
			}
		},
		{
			"type": "minecraft:environment_scan",
			"direction_of_search": "down",
			"max_steps": 24,
			"target_condition": {
				"type": "minecraft:matching_block_tag",
				"offset": [
					0,
					0,
					0
				],
				"tag": "cavernous:biomes/desert/desert_caves/ground"
			},
			"allowed_search_condition": {
				"type": "minecraft:matching_blocks",
				"offset": [
					0,
					0,
					0
				],
				"blocks": [
					"minecraft:air"
				]
			}
		},
		{
			"type": "minecraft:random_offset",
			"xz_spread": 0,
			"y_spread": 1
		},
		{
			"type": "minecraft:biome"
		}
	]
}
