{
	"type": "minecraft:tree",
	"config": {
		"ignore_vines": true,
		"force_dirt": false,
		"minimum_size": {
			"type": "minecraft:two_layers_feature_size"
		},
		"dirt_provider": {
			"type": "minecraft:simple_state_provider",
			"state": {
				"Name": "minecraft:soul_soil"
			}
		},
		"trunk_provider": {
			"type": "minecraft:simple_state_provider",
			"state": {
				"Name": "minecraft:bone_block",
				"Properties": {
					"axis": "y"
				}
			}
		},
		"foliage_provider": {
			"type": "minecraft:simple_state_provider",
			"state": {
				"Name": "minecraft:bone_block",
				"Properties": {
					"axis": "y"
				}
			}
		},
		"trunk_placer": {
			"type": "minecraft:upwards_branching_trunk_placer",
			"base_height": 18,
			"height_rand_a": 10,
			"height_rand_b": 4,
			"extra_branch_steps": {
				"type": "minecraft:uniform",
				
					"min_inclusive": 3,
					"max_inclusive": 5
				
			},
			"extra_branch_length": {
				"type": "minecraft:uniform",
				
					"min_inclusive": 0,
					"max_inclusive": 1
				
			},
			"place_branch_per_log_probability": 0.35,
			"can_grow_through": "minecraft:air"
		},
		"foliage_placer": {
			"type": "minecraft:random_spread_foliage_placer",
			"radius": 0,
			"offset": 0,
			"foliage_height": 1,
			"leaf_placement_attempts": 0
		},
		"decorators": []
	}
}
