{
	"type": "minecraft:tree",
	"config": {
		"ignore_vines": true,
		"force_dirt": false,
		"minimum_size": {
			"type": "minecraft:two_layers_feature_size"
		},
		"dirt_provider": {
			"type": "minecraft:simple_state_provider",
			"state": {
				"Name": "minecraft:soul_soil"
			}
		},
		"trunk_provider": {
			"type": "minecraft:simple_state_provider",
			"state": {
				"Name": "minecraft:mangrove_roots",
				"Properties": {
					"waterlogged": "false"
				}
			}
		},
		"foliage_provider": {
			"type": "minecraft:simple_state_provider",
			"state": {
				"Name": "minecraft:mangrove_roots",
				"Properties": {
					"waterlogged": "false"
				}
			}
		},
		"trunk_placer": {
			"type": "minecraft:straight_trunk_placer",
			"base_height": 6,
			"height_rand_a": 2,
			"height_rand_b": 0
		},
		"foliage_placer": {
			"type": "minecraft:blob_foliage_placer",
			"radius": 2,
			"offset": 0,
			"height": 3
		},
		"decorators": []
	}
}
