{
  "type": "minecraft:crafting_shaped",
  "category": "misc",
  "pattern": [
    "shs",
    "cnl",
    "sbs"
  ],
  "key": {
    "s": {
      "item": "minecraft:echo_shard"
    },
    "h": {
      "item": "minecraft:netherite_helmet"
    },
    "n": {
      "item": "minecraft:nether_star"
    },
    "c": {
      "item": "minecraft:netherite_chestplate"
    },
    "l": {
      "item": "minecraft:netherite_leggings"
    },
    "b": {
      "item": "minecraft:netherite_boots"
    }
  },
  "result": {
    "id": "minecraft:apple",
    "count": 1,
    "components": {
      "minecraft:custom_data": "{WKSummon:1}",
      "minecraft:item_name": "{'color':'red','italic':false,'text':'Heart of a King'}",
      "minecraft:enchantment_glint_override": true,
      "minecraft:food": {
        "nutrition": 0,
        "saturation": 0,
        "can_always_eat": true,
        "eat_seconds": 1000000
      }
    }
  }
}