{
	"type": "minecraft:tree",
	"config": {
		"ignore_vines": true,
		"force_dirt": false,
		"minimum_size": {
			"type": "minecraft:two_layers_feature_size"
		},
		"dirt_provider": {
			"type": "minecraft:simple_state_provider",
			"state": {
				"Name": "minecraft:mud"
			}
		},
		"trunk_provider": {
			"type": "minecraft:simple_state_provider",
			"state": {
				"Name": "minecraft:stripped_acacia_wood",
				"Properties": {
					"axis": "y"
				}
			}
		},
		"foliage_provider": {
			"type": "minecraft:weighted_state_provider",
			"entries": [
				{
					"weight": 1,
					"data": {
						"Name": "minecraft:ochre_froglight",
						"Properties": {
							"axis": "y"
						}
					}
				},
				{
					"weight": 2,
					"data": {
						"Name": "minecraft:air",
						"Properties": {
							"axis": "y"
						}
					}
				}
			]
		},
		"trunk_placer": {
			"type": "minecraft:upwards_branching_trunk_placer",
			"base_height": 5,
			"height_rand_a": 1,
			"height_rand_b": 4,
			"extra_branch_steps": {
				"type": "minecraft:uniform",
				
					"min_inclusive": 1,
					"max_inclusive": 6
				
			},
			"extra_branch_length": {
				"type": "minecraft:uniform",
				
					"min_inclusive": 0,
					"max_inclusive": 1
				
			},
			"place_branch_per_log_probability": 0.5,
			"can_grow_through": "minecraft:air"
		},
		"foliage_placer": {
			"type": "minecraft:random_spread_foliage_placer",
			"radius": 1,
			"offset": 3,
			"foliage_height": 1,
			"leaf_placement_attempts": 100
		},
		"decorators": []
	}
}
