{
	"type": "minecraft:tree",
	"config": {
		"ignore_vines": true,
		"force_dirt": false,
		"minimum_size": {
			"type": "minecraft:two_layers_feature_size"
		},
		"dirt_provider": {
			"type": "minecraft:simple_state_provider",
			"state": {
				"Name": "minecraft:mud"
			}
		},
		"trunk_provider": {
			"type": "minecraft:simple_state_provider",
			"state": {
				"Name": "minecraft:stripped_warped_hyphae",
				"Properties": {
					"axis": "y"
				}
			}
		},
		"foliage_provider": {
			"type": "minecraft:simple_state_provider",
			"state": {
				"Name": "minecraft:jungle_leaves",
				"Properties": {
					"distance": "7",
					"persistent": "false",
					"waterlogged": "false"
				}
			}
		},
		"trunk_placer": {
			"type": "minecraft:straight_trunk_placer",
			"base_height": 8,
			"height_rand_a": 2,
			"height_rand_b": 5
		},
		"foliage_placer": {
			"type": "minecraft:spruce_foliage_placer",
			"radius": 2,
			"offset": {
				"type": "minecraft:uniform",
				
					"min_inclusive": 0,
					"max_inclusive": 2
				
			},
			"trunk_height": {
				"type": "minecraft:uniform",
				
					"min_inclusive": 5,
					"max_inclusive": 7
				
			}
		},
		"decorators": [
			{
				"type": "minecraft:leave_vine",
				"probability": 0.15
			},
			{
				"type": "minecraft:trunk_vine"
			}
		]
	}
}
