{
	"type": "minecraft:waterlogged_vegetation_patch",
	"config": {
		"surface": "floor",
		"depth": 2,
		"vertical_range": 3,
		"extra_bottom_block_chance": 0.8,
		"extra_edge_column_chance": 0.7,
		"vegetation_chance": 0,
		"xz_radius": {
			"type": "minecraft:uniform",
			
				"min_inclusive": 2,
				"max_inclusive": 4
			
		},
		"replaceable": "#cavernous:biomes/lush/glowshroom_caves/ground",
		"ground_state": {
			"type": "minecraft:simple_state_provider",
			"state": {
				"Name": "minecraft:mud"
			}
		},
		"vegetation_feature": {
			"feature": {
				"type": "minecraft:no_op",
				"config": {}
			},
			"placement": []
		}
	}
}
