{
	"type": "minecraft:block_column",
	"config": {
		"direction": "north",
		"allowed_placement": {
			"type": "minecraft:matching_blocks",
			"offset": [
				0,
				0,
				0
			],
			"blocks": [
				"minecraft:air",
				"minecraft:water"
			]
		},
		"prioritize_tip": false,
		"layers": [
			{
				"height": {
					"type": "minecraft:biased_to_bottom",
					
						"min_inclusive": 3,
						"max_inclusive": 7
					
				},
				"provider": {
					"type": "minecraft:simple_state_provider",
					"state": {
						"Name": "minecraft:mangrove_roots",
						"Properties": {
							"waterlogged": "false"
						}
					}
				}
			}
		]
	}
}
