{
	"type": "minecraft:vegetation_patch",
	"config": {
		"surface": "floor",
		"depth": 1,
		"vertical_range": 5,
		"extra_bottom_block_chance": 0,
		"extra_edge_column_chance": 0.3,
		"vegetation_chance": 0.3,
		"xz_radius": {
			"type": "minecraft:uniform",
			
				"min_inclusive": 3,
				"max_inclusive": 4
			
		},
		"replaceable": "#cavernous:undergrowth_patch_can_grow_through",
		"ground_state": {
			"type": "minecraft:simple_state_provider",
			"state": {
				"Name": "minecraft:grass_block",
				"Properties": {
					"snowy": "false"
				}
			}
		},
		"vegetation_feature": {
			"feature": {
				"type": "minecraft:simple_block",
				"config": {
					"to_place": {
						"type": "minecraft:weighted_state_provider",
						"entries": [
							{
								"weight": 10,
								"data": {
									"Name": "minecraft:short_grass"
								}
							},
							{
								"weight": 1,
								"data": {
									"Name": "minecraft:tall_grass"
								}
							}
						]
					}
				}
			},
			"placement": [
				{
					"type": "minecraft:block_predicate_filter",
					"predicate": {
						"type": "minecraft:matching_blocks",
						"blocks": "minecraft:air"
					}
				}
			]
		}
	}
}
