{
	"type": "minecraft:tree",
	"config": {
		"ignore_vines": true,
		"force_dirt": false,
		"minimum_size": {
			"type": "minecraft:two_layers_feature_size"
		},
		"dirt_provider": {
			"type": "minecraft:simple_state_provider",
			"state": {
				"Name": "minecraft:birch_wood",
				"Properties": {
					"axis": "y"
				}
			}
		},
		"trunk_provider": {
			"type": "minecraft:simple_state_provider",
			"state": {
				"Name": "minecraft:dark_oak_leaves",
				"Properties": {
					"distance": "7",
					"persistent": "false",
					"waterlogged": "false"
				}
			}
		},
		"foliage_provider": {
			"type": "minecraft:simple_state_provider",
			"state": {
				"Name": "minecraft:dark_oak_leaves",
				"Properties": {
					"distance": "7",
					"persistent": "false",
					"waterlogged": "false"
				}
			}
		},
		"trunk_placer": {
			"type": "minecraft:straight_trunk_placer",
			"base_height": 1,
			"height_rand_a": 0,
			"height_rand_b": 0
		},
		"foliage_placer": {
			"type": "minecraft:bush_foliage_placer",
			"radius": {
				"type": "minecraft:uniform",
				
					"min_inclusive": 0,
					"max_inclusive": 1
				
			},
			"offset": 0,
			"height": 2
		},
		"decorators": []
	}
}
