{
	"type": "minecraft:random_patch",
	"config": {
		"tries": 60,
		"xz_spread": 5,
		"y_spread": 3,
		"feature": {
			"feature": {
				"type": "minecraft:simple_block",
				"config": {
					"to_place": {
						"type": "minecraft:weighted_state_provider",
						"entries": [
							{
								"weight": 5,
								"data": {
									"Name": "minecraft:brown_mushroom"
								}
							},
							{
								"weight": 2,
								"data": {
									"Name": "minecraft:dead_bush"
								}
							}
						]
					}
				}
			},
			"placement": [
				{
					"type": "minecraft:block_predicate_filter",
					"predicate": {
						"type": "minecraft:matching_blocks",
						"blocks": "minecraft:air"
					}
				}
			]
		}
	}
}
