{
	"type": "minecraft:random_patch",
	"config": {
		"tries": 200,
		"xz_spread": 2,
		"y_spread": 1,
		"feature": {
			"feature": {
				"type": "minecraft:simple_block",
				"config": {
					"to_place": {
						"type": "minecraft:simple_state_provider",
						"state": {
							"Name": "minecraft:brown_mushroom_block",
							"Properties": {
								"down": "false",
								"east": "false",
								"north": "false",
								"south": "false",
								"up": "false",
								"west": "false"
							}
						}
					}
				}
			},
			"placement": [
				{
					"type": "minecraft:block_predicate_filter",
					"predicate": {
						"type": "minecraft:all_of",
						"predicates": [
							{
								"type": "minecraft:matching_blocks",
								"offset": [
									0,
									0,
									0
								],
								"blocks": "minecraft:air"
							},
							{
								"type": "minecraft:any_of",
								"predicates": [
									{
										"type": "minecraft:matching_blocks",
										"offset": [
											-1,
											0,
											2
										],
										"blocks": "minecraft:magenta_concrete"
									},
									{
										"type": "minecraft:matching_blocks",
										"offset": [
											0,
											0,
											2
										],
										"blocks": "minecraft:magenta_concrete"
									},
									{
										"type": "minecraft:matching_blocks",
										"offset": [
											1,
											0,
											2
										],
										"blocks": "minecraft:magenta_concrete"
									},
									{
										"type": "minecraft:matching_blocks",
										"offset": [
											-2,
											0,
											1
										],
										"blocks": "minecraft:magenta_concrete"
									},
									{
										"type": "minecraft:matching_blocks",
										"offset": [
											-1,
											0,
											1
										],
										"blocks": "minecraft:magenta_concrete"
									},
									{
										"type": "minecraft:matching_blocks",
										"offset": [
											0,
											0,
											1
										],
										"blocks": "minecraft:magenta_concrete"
									},
									{
										"type": "minecraft:matching_blocks",
										"offset": [
											1,
											0,
											1
										],
										"blocks": "minecraft:magenta_concrete"
									},
									{
										"type": "minecraft:matching_blocks",
										"offset": [
											2,
											0,
											1
										],
										"blocks": "minecraft:magenta_concrete"
									},
									{
										"type": "minecraft:matching_blocks",
										"offset": [
											-2,
											0,
											0
										],
										"blocks": "minecraft:magenta_concrete"
									},
									{
										"type": "minecraft:matching_blocks",
										"offset": [
											-1,
											0,
											0
										],
										"blocks": "minecraft:magenta_concrete"
									},
									{
										"type": "minecraft:matching_blocks",
										"offset": [
											1,
											0,
											0
										],
										"blocks": "minecraft:magenta_concrete"
									},
									{
										"type": "minecraft:matching_blocks",
										"offset": [
											2,
											0,
											0
										],
										"blocks": "minecraft:magenta_concrete"
									},
									{
										"type": "minecraft:matching_blocks",
										"offset": [
											-2,
											0,
											-1
										],
										"blocks": "minecraft:magenta_concrete"
									},
									{
										"type": "minecraft:matching_blocks",
										"offset": [
											-1,
											0,
											-1
										],
										"blocks": "minecraft:magenta_concrete"
									},
									{
										"type": "minecraft:matching_blocks",
										"offset": [
											0,
											0,
											-1
										],
										"blocks": "minecraft:magenta_concrete"
									},
									{
										"type": "minecraft:matching_blocks",
										"offset": [
											1,
											0,
											-1
										],
										"blocks": "minecraft:magenta_concrete"
									},
									{
										"type": "minecraft:matching_blocks",
										"offset": [
											2,
											0,
											-1
										],
										"blocks": "minecraft:magenta_concrete"
									},
									{
										"type": "minecraft:matching_blocks",
										"offset": [
											-1,
											0,
											-2
										],
										"blocks": "minecraft:magenta_concrete"
									},
									{
										"type": "minecraft:matching_blocks",
										"offset": [
											0,
											0,
											-2
										],
										"blocks": "minecraft:magenta_concrete"
									},
									{
										"type": "minecraft:matching_blocks",
										"offset": [
											1,
											0,
											-2
										],
										"blocks": "minecraft:magenta_concrete"
									}
								]
							}
						]
					}
				}
			]
		}
	}
}
