{
	"type": "minecraft:tree",
	"config": {
		"ignore_vines": true,
		"force_dirt": false,
		"minimum_size": {
			"type": "minecraft:two_layers_feature_size"
		},
		"dirt_provider": {
			"type": "minecraft:simple_state_provider",
			"state": {
				"Name": "minecraft:birch_wood",
				"Properties": {
					"axis": "y"
				}
			}
		},
		"trunk_provider": {
			"type": "minecraft:simple_state_provider",
			"state": {
				"Name": "minecraft:birch_wood",
				"Properties": {
					"axis": "y"
				}
			}
		},
		"foliage_provider": {
			"type": "minecraft:simple_state_provider",
			"state": {
				"Name": "minecraft:dark_oak_leaves",
				"Properties": {
					"distance": "7",
					"persistent": "false",
					"waterlogged": "false"
				}
			}
		},
		"trunk_placer": {
			"type": "minecraft:forking_trunk_placer",
			"base_height": 4,
			"height_rand_a": 2,
			"height_rand_b": 1
		},
		"foliage_placer": {
			"type": "minecraft:blob_foliage_placer",
			"radius": 1,
			"offset": 1,
			"height": 2
		},
		"decorators": [
			{
				"type": "minecraft:leave_vine",
				"probability": 0.1
			},
			{
				"type": "minecraft:attached_to_leaves",
				"probability": 0.05,
				"exclusion_radius_xz": 1,
				"exclusion_radius_y": 1,
				"required_empty_blocks": 1,
				"block_provider": {
					"type": "minecraft:simple_state_provider",
					"state": {
						"Name": "minecraft:shroomlight"
					}
				},
				"directions": [
					"down"
				]
			}
		]
	}
}
