{
	"type": "minecraft:tree",
	"config": {
		"ignore_vines": true,
		"force_dirt": false,
		"minimum_size": {
			"type": "minecraft:two_layers_feature_size",
			"limit": 0,
			"lower_size": 0,
			"upper_size": 0
		},
		"dirt_provider": {
			"type": "minecraft:simple_state_provider",
			"state": {
				"Name": "minecraft:dirt"
			}
		},
		"trunk_provider": {
			"type": "minecraft:simple_state_provider",
			"state": {
				"Name": "minecraft:mushroom_stem",
				"Properties": {
					"down": "true",
					"east": "true",
					"north": "true",
					"south": "true",
					"up": "true",
					"west": "true"
				}
			}
		},
		"foliage_provider": {
			"type": "minecraft:simple_state_provider",
			"state": {
				"Name": "minecraft:red_mushroom_block",
				"Properties": {
					"down": "false",
					"east": "true",
					"north": "true",
					"south": "true",
					"up": "true",
					"west": "true"
				}
			}
		},
		"trunk_placer": {
			"type": "minecraft:cherry_trunk_placer",
     	 	"base_height": 6,
      		"branch_count": {
        	"type": "minecraft:weighted_list",
        	"distribution": [
       	   		{
       	    	 	"data": 2,
    	    	    "weight": 2
          		},
          		{
            		"data": 3,
            		"weight": 5
          		}
        	]
      		},
      	"branch_end_offset_from_top": -2,
      	"branch_horizontal_length": {
        	"type": "minecraft:biased_to_bottom",
        	
          	"max_inclusive": 5,
          	"min_inclusive": 3
        	
      		},
      		"branch_start_offset_from_top": {
        		"max_inclusive": -5,
        		"min_inclusive": -6
      		},
      		"height_rand_a": 3,
      		"height_rand_b": 2
		},
		"foliage_placer": {
			"type": "minecraft:acacia_foliage_placer",
			"radius": 2,
			"offset": 0
		},
		"decorators": [
			{
				"type": "minecraft:attached_to_leaves",
				"probability": 1,
				"exclusion_radius_xz": 0,
				"exclusion_radius_y": 0,
				"required_empty_blocks": 1,
				"block_provider": {
					"type": "minecraft:simple_state_provider",
					"state": {
						"Name": "minecraft:moss_carpet"
					}
				},
				"directions": [
					"up"
				]
			},
			{
				"type": "minecraft:attached_to_leaves",
				"probability": 0.5,
				"exclusion_radius_xz": 0,
				"exclusion_radius_y": 0,
				"required_empty_blocks": 1,
				"block_provider": {
					"type": "minecraft:simple_state_provider",
					"state": {
						"Name": "minecraft:vine",
						"Properties": {
							"east": "false",
							"north": "false",
							"south": "true",
							"up": "false",
							"west": "false"
						}
					}
				},
				"directions": [
					"north"
				]
			},
			{
				"type": "minecraft:attached_to_leaves",
				"probability": 0.5,
				"exclusion_radius_xz": 0,
				"exclusion_radius_y": 0,
				"required_empty_blocks": 1,
				"block_provider": {
					"type": "minecraft:simple_state_provider",
					"state": {
						"Name": "minecraft:vine",
						"Properties": {
							"east": "false",
							"north": "true",
							"south": "false",
							"up": "false",
							"west": "false"
						}
					}
				},
				"directions": [
					"south"
				]
			},
			{
				"type": "minecraft:attached_to_leaves",
				"probability": 0.5,
				"exclusion_radius_xz": 0,
				"exclusion_radius_y": 0,
				"required_empty_blocks": 1,
				"block_provider": {
					"type": "minecraft:simple_state_provider",
					"state": {
						"Name": "minecraft:vine",
						"Properties": {
							"east": "false",
							"north": "false",
							"south": "false",
							"up": "false",
							"west": "true"
						}
					}
				},
				"directions": [
					"east"
				]
			},
			{
				"type": "minecraft:attached_to_leaves",
				"probability": 0.5,
				"exclusion_radius_xz": 0,
				"exclusion_radius_y": 0,
				"required_empty_blocks": 1,
				"block_provider": {
					"type": "minecraft:simple_state_provider",
					"state": {
						"Name": "minecraft:vine",
						"Properties": {
							"east": "true",
							"north": "false",
							"south": "false",
							"up": "false",
							"west": "false"
						}
					}
				},
				"directions": [
					"west"
				]
			},
			{
				"type": "minecraft:beehive",
				"probability": 0.01
			}
		]
	}
}
