{
	"display": {
		"icon": {
			"id": "minecraft:oxidized_cut_copper"
		},
		"title": {
			"text": "The Myst"
		},
		"description": {
			"text": "Entered the myst"
		},
		"background": "minecraft:textures/block/mud.png",
		"frame": "task",
		"show_toast": false,
		"announce_to_chat": true,
		"hidden": true
	},
	"criteria": {
		"cavernous:the_undergrowth": {
			"trigger": "minecraft:location",
			"conditions": {
				"player": [
					{
						"condition": "minecraft:entity_properties",
						"entity": "this",
						"predicate": {
							"location": {
								"biomes": "cavernous:myst/dreadmire_"
							}
						}
					}
				]
			}
		}
	}
}
