{
	"credit": "Made with Blockbench",
	"textures": {
		"0": "item/soul_rocker/soul_rocker",
		"particle": "item/soul_rocker/soul_rocker"
	},
	"elements": [
		{
			"from": [5, 2.75, 8],
			"to": [11, 8, 9],
			"rotation": {"angle": 0, "axis": "z", "origin": [10, 2, 8]},
			"faces": {
				"north": {"uv": [0, 4, 1.5, 5.75], "texture": "#0"},
				"east": {"uv": [0, 4, 0.25, 5.75], "texture": "#0"},
				"south": {"uv": [0, 4, 1.5, 5.75], "texture": "#0"},
				"west": {"uv": [0, 4, 0.25, 5.75], "texture": "#0"},
				"up": {"uv": [0, 4, 1.5, 4.25], "texture": "#0"},
				"down": {"uv": [0, 4, 1.5, 4.25], "texture": "#0"}
			}
		},
		{
			"from": [3, 0, 7.995],
			"to": [13, 11, 7.995],
			"rotation": {"angle": 0, "axis": "y", "origin": [10, 2, 9]},
			"faces": {
				"north": {"uv": [7.5, 4, 3.75, 8], "texture": "#0"},
				"south": {"uv": [3.75, 0, 7.5, 4], "texture": "#0"},
				"up": {"uv": [0, 0, 10, 0], "texture": "#0"},
				"down": {"uv": [0, 0, 10, 0], "texture": "#0"}
			}
		},
		{
			"from": [3, 0, 9.005],
			"to": [13, 11, 9.005],
			"rotation": {"angle": 0, "axis": "y", "origin": [10, 2, 10]},
			"faces": {
				"north": {"uv": [7.5, 0, 3.75, 4], "texture": "#0"},
				"south": {"uv": [0, 0, 3.75, 4], "texture": "#0"},
				"up": {"uv": [0, 0, 10, 0], "texture": "#0"},
				"down": {"uv": [0, 0, 10, 0], "texture": "#0"}
			}
		},
		{
			"from": [7.325, 8, 8],
			"to": [8.675, 20, 9],
			"rotation": {"angle": 0, "axis": "y", "origin": [8, 14, 8.5]},
			"faces": {
				"north": {"uv": [8, 0, 7.5, 4.5], "texture": "#0"},
				"east": {"uv": [7.75, 0, 8, 4.5], "texture": "#0"},
				"south": {"uv": [7.5, 0, 8, 4.5], "texture": "#0"},
				"west": {"uv": [7.5, 0, 7.75, 4.5], "texture": "#0"},
				"up": {"uv": [7.5, 0, 8, 0.25], "rotation": 180, "texture": "#0"},
				"down": {"uv": [7.5, 0, 8, 0.25], "rotation": 180, "texture": "#0"}
			}
		},
		{
			"from": [7.325, 20, 8],
			"to": [8.675, 24.75, 9],
			"rotation": {"angle": 0, "axis": "y", "origin": [6.675, 20, 7]},
			"faces": {
				"north": {"uv": [0, 4.5, 1.25, 5.75], "texture": "#0"},
				"east": {"uv": [0, 4.5, 0.5, 5.75], "texture": "#0"},
				"south": {"uv": [0, 4.5, 1.25, 5.75], "texture": "#0"},
				"west": {"uv": [0, 4.5, 0.5, 5.75], "texture": "#0"},
				"up": {"uv": [0, 4.5, 1.25, 5], "texture": "#0"},
				"down": {"uv": [0, 4.5, 1.25, 5], "texture": "#0"}
			}
		},
		{
			"from": [6.625, 20, 9.005],
			"to": [9.35, 25.5, 9.005],
			"rotation": {"angle": 0, "axis": "y", "origin": [6.925, 20, 7]},
			"faces": {
				"north": {"uv": [10.25, 0, 9.25, 2], "texture": "#0"},
				"south": {"uv": [8.25, 0, 9.25, 2], "texture": "#0"}
			}
		},
		{
			"from": [6.625, 20, 7.995],
			"to": [9.35, 25.5, 7.995],
			"rotation": {"angle": 0, "axis": "y", "origin": [6.925, 20, 6]},
			"faces": {
				"north": {"uv": [9.25, 0, 8.25, 2], "texture": "#0"},
				"south": {"uv": [9.25, 0, 10.25, 2], "texture": "#0"}
			}
		}
	],
	"gui_light": "front",
	"display": {
		"thirdperson_righthand": {
			"rotation": [-99.26, 12.71, 121.89],
			"translation": [-1, 0, 1.5]
		},
		"firstperson_righthand": {
			"rotation": [-180, -4.25, 107.5],
			"translation": [0.5, 0, 0],
			"scale": [0.85, 0.85, 0.85]
		},
		"firstperson_lefthand": {
			"rotation": [-180, -4.25, 107.5],
			"translation": [0.5, 0, 0],
			"scale": [0.85, 0.85, 0.85]
		},
		"ground": {
			"rotation": [0, 0, 22.5],
			"translation": [0, 3, 0],
			"scale": [0.4, 0.4, 0.4]
		},
		"gui": {
			"rotation": [-180, 180, 135],
			"translation": [-1.5, -1.5, 0.75],
			"scale": [0.7, 0.7, 0.7]
		},
		"fixed": {
			"rotation": [-180, 0, 135],
			"translation": [2, -2, 0.75]
		}
	},
	"groups": [
		{
			"name": "body",
			"origin": [8, 8, 8],
			"color": 0,
			"children": [0, 1, 2]
		},
		{
			"name": "neck",
			"origin": [8, 8, 8],
			"color": 0,
			"children": [3, 4, 5, 6]
		}
	]
}