{
    "type": "minecraft:crafting_shaped",
    "pattern": [
        "#P#",
        "IDI",
        "PDP"
    ],
    "key": {
        "#": {
            "item": "minecraft:prismarine_crystals"
        },
        "P": {
            "item": "minecraft:prismarine_shard"
        },
        "I": {
            "item": "minecraft:prismarine_wall"
        },
        "D": {
            "item": "minecraft:prismarine_bricks"
        }
    },
    "result": {
        "id": "minecraft:trident",
        "count": 1
    }
}