{
  "type": "minecraft:chest",
  "pools": [
    {
      "rolls": 1,
      "entries": [
        {
          "type": "minecraft:item",
          "name": "minecraft:netherite_helmet"
        }
      ],
      "functions": [
        {
          "function": "minecraft:enchant_randomly",
          "options": "#minecraft:exclusive_set/armor",
          "only_compatible": true
        }
      ]
    },
    {
      "rolls": 1,
      "entries": [
        {
          "type": "minecraft:item",
          "name": "minecraft:netherite_chestplate"
        }
      ],
      "functions": [
        {
          "function": "minecraft:enchant_randomly",
          "options": "#minecraft:exclusive_set/armor",
          "only_compatible": true
        }
      ]
    },
    {
      "rolls": 1,
      "entries": [
        {
          "type": "minecraft:item",
          "name": "minecraft:netherite_leggings"
        }
      ],
      "functions": [
        {
          "function": "minecraft:enchant_randomly",
          "options": "#minecraft:exclusive_set/armor",
          "only_compatible": true
        }
      ]
    },
    {
      "rolls": 1,
      "entries": [
        {
          "type": "minecraft:item",
          "name": "minecraft:netherite_boots"
        }
      ],
      "functions": [
        {
          "function": "minecraft:enchant_randomly",
          "options": "#minecraft:exclusive_set/armor",
          "only_compatible": true
        }
      ]
    },
    {
      "rolls": 1,
      "entries": [
        {
          "type": "minecraft:item",
          "name": "minecraft:golden_apple",
          "functions": [
            {
              "function": "minecraft:set_count",
              "count": 10
            }
          ]
        }
      ]
    },
    {
      "rolls": 1,
      "entries": [
        {
          "type": "minecraft:item",
          "name": "minecraft:experience_bottle",
          "functions": [
            {
              "function": "minecraft:set_count",
              "count": 38
            }
          ]
        }
      ]
    },
    {
      "rolls": 1,
      "entries": [
        {
          "type": "minecraft:item",
          "name": "minecraft:enchanted_book",
          "functions": [
            {
              "function": "minecraft:set_components",
              "components": {
                "minecraft:stored_enchantments": {
                  "levels": {
                    "witherking:wither": 1
                  }
                }
              }
            },
            {
              "function": "minecraft:set_count",
              "count": 2
            }
          ]
        }
      ]
    },
    {
      "rolls": 1,
      "entries": [
        {
          "type": "minecraft:item",
          "name": "minecraft:enchanted_book",
          "functions": [
            {
              "function": "minecraft:set_components",
              "components": {
                "minecraft:stored_enchantments": {
                  "levels": {
                    "witherking:wither": 2
                  }
                }
              }
            },
            {
              "function": "minecraft:set_count",
              "count": 2
            }
          ]
        }
      ]
    }
  ]
}
