{
	"type": "minecraft:vegetation_patch",
	"config": {
		"surface": "floor",
		"depth": 1,
		"vertical_range": 3,
		"extra_bottom_block_chance": 0,
		"extra_edge_column_chance": 0.3,
		"vegetation_chance": 1,
		"xz_radius": {
			"type": "minecraft:uniform",
			
				"min_inclusive": 1,
				"max_inclusive": 3
			
		},
		"replaceable": "#cavernous:biomes/thermal/volcanic_caves/splotch_replaceable",
		"ground_state": {
			"type": "minecraft:weighted_state_provider",
			"entries": [
				{
					"weight": 1,
					"data": {
						"Name": "minecraft:structure_void"
					}
				},
				{
					"weight": 3,
					"data": {
						"Name": "minecraft:basalt",
						"Properties": {
							"axis": "y"
						}
					}
				}
			]
		},
		"vegetation_feature": {
			"feature": {
				"type": "minecraft:no_op",
				"config": {}
			},
			"placement": []
		}
	}
}
