{
	"type": "minecraft:tree",
	"config": {
		"ignore_vines": true,
		"force_dirt": false,
		"minimum_size": {
			"type": "minecraft:two_layers_feature_size"
		},
		"dirt_provider": {
			"type": "minecraft:simple_state_provider",
			"state": {
				"Name": "minecraft:basalt",
				"Properties": {
					"axis": "y"
				}
			}
		},
		"trunk_provider": {
			"type": "minecraft:simple_state_provider",
			"state": {
				"Name": "minecraft:basalt",
				"Properties": {
					"axis": "y"
				}
			}
		},
		"foliage_provider": {
			"type": "minecraft:simple_state_provider",
			"state": {
				"Name": "minecraft:air"
			}
		},
		"trunk_placer": {
			"type": "minecraft:forking_trunk_placer",
			"base_height": 4,
			"height_rand_a": 1,
			"height_rand_b": 1
		},
		"foliage_placer": {
			"type": "minecraft:fancy_foliage_placer",
			"radius": 0,
			"offset": 0,
			"height": 0
		},
		"decorators": []
	}
}
