{
  "type": "minecraft:chest",
  "pools": [
    {
      "rolls": 1,
      "entries": [
        {
          "type": "minecraft:item",
          "name": "minecraft:netherite_sword",
          "functions": [
            {
              "function": "minecraft:set_components",
              "components": {
                "minecraft:item_name": "{'color':'aqua','italic':false,'text':'Tentacle Staff'}",
                "minecraft:lore": [
                  "{'italic':false,'text':'Right click to summon a tentacle. 5 Seconds cooldown'}"
                ],
                "minecraft:custom_model_data": 11242,
                "minecraft:custom_data": "{tentacle_rod:1}",
                "minecraft:food": {
                  "nutrition": 0,
                  "saturation": 0,
                  "can_always_eat": true,
                  "eat_seconds": 2147483647
                },
                "minecraft:attribute_modifiers": {
                  "modifiers": [
                    {
                      "id": "tentacle_rod_attack",
                      "type": "minecraft:generic.attack_damage",
                      "amount": 2,
                      "operation": "add_value"
                    }
                  ]
                }
              }
            }
          ]
        }
      ]
    },
    {
      "rolls": 1,
      "entries": [
        {
          "type": "minecraft:item",
          "name": "minecraft:golden_apple",
          "functions": [
            {
              "function": "minecraft:set_count",
              "count": 3
            }
          ]
        }
      ]
    },
    {
      "rolls": 1,
      "entries": [
        {
          "type": "minecraft:item",
          "name": "minecraft:experience_bottle",
          "functions": [
            {
              "function": "minecraft:set_count",
              "count": 16
            }
          ]
        }
      ]
    }
  ]
}
