{
	"display": {
		"icon": {
			"id": "minecraft:red_mushroom"
		},
		"title": {
			"text": "Fungal Funk"
		},
		"description": {
			"text": "Play a music disc in the Fungal Caves"
		},
		"frame": "task",
		"show_toast": true,
		"announce_to_chat": true,
		"hidden": false
	},
	"parent": "cavernous:breaking_ground",
	"criteria": {
		"play_jukebox_in_fungal_caves": {
			"trigger": "minecraft:item_used_on_block",
			"conditions": {
				"location": [
					{
						"condition": "minecraft:location_check",
						"predicate": {
							"biomes": "cavernous:fungal_caves",
							"block": {
								"blocks": [
									"minecraft:jukebox"
								]
							}
						}
					},
					{
						"condition": "minecraft:match_tool",
						"predicate": {
							"items": "#cavernous:music_discs"
						}
					}
				]
			}
		}
	}
}
