{
	"display": {
		"icon": {
			"id": "minecraft:wooden_shovel"
		},
		"title": {
			"text": "I ain't the sharpest tool"
		},
		"description": {
			"text": "Craft a wooden shovel in a marshy cave"
		},
		"frame": "task",
		"show_toast": true,
		"announce_to_chat": true,
		"hidden": false
	},
	"parent": "cavernous:shrek",
	"criteria": {
		"opendoor": {
			"trigger": "minecraft:inventory_changed",
			"conditions": {
				"player": {
					"location": {
						"biomes": "cavernous:marshy_caves"
					}
				},
				"items": [
					{
						"items": [
							"minecraft:wooden_shovel"
						]
					}
				]
			}
		}
	}
}
