{
  "type": "minecraft:chest",
  "pools": [
    {
      "rolls": 2,
      "entries": [
        {
          "type": "minecraft:item",
          "name": "minecraft:netherite_chestplate"
        },
        {
          "type": "minecraft:item",
          "name": "minecraft:netherite_helmet"
        },
        {
          "type": "minecraft:item",
          "name": "minecraft:netherite_boots"
        },
        {
          "type": "minecraft:item",
          "name": "minecraft:netherite_leggings"
        }
      ],
      "functions": [
        {
          "function": "minecraft:enchant_randomly",
          "options": "#minecraft:exclusive_set/armor",
          "only_compatible": true
        }
      ]
    },
    {
      "rolls": 1,
      "entries": [
        {
          "type": "minecraft:item",
          "name": "minecraft:netherite_sword",
          "functions": [
            {
              "function": "minecraft:set_components",
              "components": {
                "minecraft:custom_data": "{soul_spear:1}",
                "minecraft:attribute_modifiers": {
                  "modifiers": [
                    {
                      "id": "soul_spear_damage",
                      "type": "minecraft:generic.attack_damage",
                      "amount": 7,
                      "operation": "add_value"
                    },
                    {
                      "id": "spear_range",
                      "type": "minecraft:player.entity_interaction_range",
                      "amount": 1,
                      "operation": "add_value"
                    }
                  ]
                },
                "minecraft:item_name": "{'color':'aqua','italic':false,'text':'Soul Spear'}",
                "minecraft:lore": [
                  "{'italic':false,'text':'Attack enemy to gain energy. Right click to shoot a soul bullet'}"
                ],
                "minecraft:custom_model_data": 1102,
                "minecraft:enchantments": {
                  "ld112:soul_cannon": 1
                },
                "minecraft:food": {
                  "nutrition": 0,
                  "saturation": 0,
                  "can_always_eat": true,
                  "eat_seconds": 2147483647
                }
              }
            }
          ]
        }
      ]
    },
    {
      "rolls": 1,
      "entries": [
        {
          "type": "minecraft:item",
          "name": "minecraft:golden_apple",
          "functions": [
            {
              "function": "minecraft:set_count",
              "count": 5
            }
          ]
        }
      ]
    },
    {
      "rolls": 1,
      "entries": [
        {
          "type": "minecraft:item",
          "name": "minecraft:experience_bottle",
          "functions": [
            {
              "function": "minecraft:set_count",
              "count": 28
            }
          ]
        }
      ]
    }
  ]
}
