{
	"type": "minecraft:chest",
	"pools": [
		{
			"rolls": {
				"min": 1,
				"max": 2
			},
			"entries": [
				{
					"type": "minecraft:item",
					"name": "minecraft:bow",
					"functions": [
						{
							"function": "minecraft:set_damage",
							"damage": {
								"min": 0.4,
								"max": 1
							}
						}
					]
				}
			]
		},
		{
			"rolls": 1,
			"entries": [
				{
					"type": "minecraft:item",
					"name": "minecraft:target",
					"functions": [
						{
							"function": "minecraft:set_count",
							"count": {
								"min": 1,
								"max": 2
							}
						}
					]
				}
			]
		},
		{
			"rolls": 7,
			"bonus_rolls": 0,
			"entries": [
				{
					"type": "minecraft:item",
					"weight": 4,
					"name": "minecraft:arrow",
					"functions": [
						{
							"function": "minecraft:set_count",
							"count": {
								"min": 1,
								"max": 4
							}
						}
					]
				},
				{
					"type": "minecraft:item",
					"weight": 1,
					"name": "minecraft:flint",
					"functions": [
						{
							"function": "minecraft:set_count",
							"count": {
								"min": 1,
								"max": 2
							}
						}
					]
				},
				{
					"type": "minecraft:item",
					"weight": 1,
					"name": "minecraft:redstone",
					"functions": [
						{
							"function": "minecraft:set_count",
							"count": {
								"min": 3,
								"max": 5
							}
						}
					]
				}
			]
		}
	]
}
