{
	"type": "minecraft:chest",
	"pools": [
		{
			"rolls": {
				"min": 2,
				"max": 3
			},
			"bonus_rolls": {
				"min": 0,
				"max": 1
			},
			"entries": [
				{
					"type": "minecraft:item",
					"weight": 2,
					"name": "minecraft:book",
					"functions": [
						{
							"function": "minecraft:enchant_with_levels",
							"levels": {
								"min": 1,
								"max": 20
							}
						}
					]
				},
				{
					"type": "minecraft:item",
					"weight": 1,
					"name": "minecraft:potion",
					"functions": [
						{
							"function": "minecraft:set_components",
							"components": {
								"potion_contents": {"custom_color": 16772930,"custom_effects":[{"id": "haste","duration": 9600,"amplifier": 1,"show_icon": true,"show_particles": true}]},
								"custom_name": "{\"text\":\"Mining Potion\",\"italic\":false}"
							}
						},
						{
							"function": "minecraft:set_name",
							"name": "Mining Potion"
						},
						{
							"function": "minecraft:set_count",
							"count": 1,
							"add": false
						}
					]
				}
			]
		},
		{
			"rolls": {
				"min": 4,
				"max": 6
			},
			"bonus_rolls": 0,
			"entries": [
				{
					"type": "minecraft:item",
					"weight": 3,
					"name": "minecraft:diamond",
					"functions": [
						{
							"function": "minecraft:set_count",
							"count": {
								"min": 1,
								"max": 2
							},
							"add": true
						}
					]
				},
				{
					"type": "minecraft:item",
					"weight": 4,
					"name": "minecraft:iron_ingot",
					"functions": [
						{
							"function": "minecraft:set_count",
							"count": {
								"type": "minecraft:uniform",
								"min": 2,
								"max": 8
							},
							"add": true
						}
					]
				},
				{
					"type": "minecraft:item",
					"weight": 3,
					"name": "minecraft:gold_ingot",
					"functions": [
						{
							"function": "minecraft:set_count",
							"count": {
								"type": "minecraft:uniform",
								"min": 4,
								"max": 7
							},
							"add": true
						}
					]
				},
				{
					"type": "minecraft:item",
					"weight": 2,
					"name": "minecraft:raw_gold",
					"functions": [
						{
							"function": "minecraft:set_count",
							"count": {
								"type": "minecraft:uniform",
								"min": 2,
								"max": 5
							},
							"add": true
						}
					]
				},
				{
					"type": "minecraft:item",
					"weight": 5,
					"name": "minecraft:copper_ingot",
					"functions": [
						{
							"function": "minecraft:set_count",
							"count": {
								"type": "minecraft:uniform",
								"min": 6,
								"max": 24
							},
							"add": true
						}
					]
				}
			]
		},
		{
			"rolls": 8,
			"bonus_rolls": 0,
			"entries": [
				{
					"type": "minecraft:item",
					"weight": 1,
					"name": "minecraft:oxidized_cut_copper",
					"functions": [
						{
							"function": "minecraft:set_count",
							"count": {
								"min": 4,
								"max": 10
							}
						}
					]
				},
				{
					"type": "minecraft:item",
					"weight": 1,
					"name": "minecraft:oxidized_copper",
					"functions": [
						{
							"function": "minecraft:set_count",
							"count": {
								"min": 8,
								"max": 25
							}
						}
					]
				},
				{
					"type": "minecraft:item",
					"weight": 1,
					"name": "minecraft:packed_mud",
					"functions": [
						{
							"function": "minecraft:set_count",
							"count": {
								"min": 8,
								"max": 16
							}
						}
					]
				}
			]
		},
		{
			"rolls": {
				"min": 0,
				"max": 1
			},
			"bonus_rolls": 0,
			"entries": [
				{
					"type": "minecraft:item",
					"name": "minecraft:map",
					"functions": [
						{
							"function": "minecraft:exploration_map",
							"destination": "minecraft:ancient_city",
							"decoration": "banner_cyan",
							"zoom": 1,
							"search_radius": 50,
							"skip_existing_chunks": false
						},
						{
							"function": "minecraft:set_name",
							"entity": "this",
							"name": "Ancient City Explorer Map"
						}
					]
				}
			]
		}
	]
}
