{
	"type": "minecraft:archaeology",
	"pools": [
		{
			"rolls": 1,
			"bonus_rolls": 0,
			"entries": [
				{
					"type": "minecraft:item",
					"weight": 1,
					"name": "minecraft:skull_pottery_sherd"
				},
				{
					"type": "minecraft:item",
					"weight": 1,
					"name": "minecraft:miner_pottery_sherd"
				},
				{
					"type": "minecraft:item",
					"weight": 1,
					"name": "minecraft:prize_pottery_sherd"
				},
				{
					"type": "minecraft:item",
					"weight": 1,
					"name": "minecraft:explorer_pottery_sherd"
				},
				{
					"type": "minecraft:item",
					"weight": 1,
					"name": "minecraft:friend_pottery_sherd"
				},
				{
					"type": "minecraft:item",
					"weight": 1,
					"name": "minecraft:dune_armor_trim_smithing_template"
				},
				{
					"type": "minecraft:item",
					"weight": 2,
					"name": "minecraft:emerald"
				},
				{
					"type": "minecraft:item",
					"weight": 3,
					"name": "minecraft:copper_ingot"
				},
				{
					"type": "minecraft:item",
					"weight": 1,
					"name": "minecraft:packed_mud"
				},
				{
					"type": "minecraft:item",
					"weight": 1,
					"name": "minecraft:mud_brick_stairs"
				},
				{
					"type": "minecraft:item",
					"weight": 1,
					"name": "minecraft:mud_brick_slab"
				}
			]
		}
	]
}
