{
	"feature": "cavernous:biomes/lush/glowshroom/mushrooms/purple_2",
	"placement": [
		{
			"type": "minecraft:count",
			"count": 10
		},
		{
			"type": "minecraft:in_square"
		},
		{
			"type": "minecraft:height_range",
			"height": {
				"type": "minecraft:uniform",
				"min_inclusive": {
					"above_bottom": 0
				},
				"max_inclusive": {
					"absolute": 55
				}
			}
		},
		{
			"type": "minecraft:environment_scan",
			"direction_of_search": "down",
			"max_steps": 24,
			"target_condition": {
				"type": "minecraft:matching_block_tag",
				"offset": [
					0,
					0,
					0
				],
				"tag": "cavernous:biomes/lush/glowshroom_caves/ground"
			},
			"allowed_search_condition": {
				"type": "minecraft:matching_blocks",
				"offset": [
					0,
					0,
					0
				],
				"blocks": [
					"minecraft:air"
				]
			}
		},
		{
			"type": "minecraft:random_offset",
			"xz_spread": 0,
			"y_spread": 1
		},
		{
			"type": "minecraft:biome"
		}
	]
}
