{
	"type": "minecraft:tree",
	"config": {
		"ignore_vines": true,
		"force_dirt": false,
		"minimum_size": {
			"type": "minecraft:two_layers_feature_size",
			"min_clipped_height": 0
		},
		"dirt_provider": {
			"type": "minecraft:simple_state_provider",
			"state": {
				"Name": "minecraft:birch_wood",
				"Properties": {
					"axis": "y"
				}
			}
		},
		"trunk_provider": {
			"type": "minecraft:simple_state_provider",
			"state": {
				"Name": "minecraft:birch_wood",
				"Properties": {
					"axis": "y"
				}
			}
		},
		"foliage_provider": {
			"type": "minecraft:simple_state_provider",
			"state": {
				"Name": "minecraft:birch_log",
				"Properties": {
					"axis": "y"
				}
			}
		},
		"trunk_placer": {
			"type": "minecraft:giant_trunk_placer",
			"base_height": 2,
			"height_rand_a": 0,
			"height_rand_b": 0
		},
		"foliage_placer": {
			"type": "minecraft:fancy_foliage_placer",
			"radius": 1,
			"offset": 0,
			"height": 1
		},
		"decorators": [
			{
				"type": "minecraft:attached_to_leaves",
				"probability": 0,
				"exclusion_radius_xz": 1,
				"exclusion_radius_y": 1,
				"required_empty_blocks": 1,
				"block_provider": {
					"type": "minecraft:simple_state_provider",
					"state": {
						"Name": "minecraft:dark_oak_leaves",
						"Properties": {
							"distance": "7",
							"persistent": "false",
							"waterlogged": "false"
						}
					}
				},
				"directions": [
					"north",
					"east",
					"south",
					"west"
				]
			},
			{
				"type": "minecraft:trunk_vine"
			}
		]
	}
}
