{
	"description": "All blocks with a 1x1x1 collision box",
	"values": [
		{
			"id": "minecraft:white_stained_glass",
			"required": false
		},
		{
			"id": "minecraft:orange_stained_glass",
			"required": false
		},
		{
			"id": "minecraft:magenta_stained_glass",
			"required": false
		},
		{
			"id": "minecraft:light_blue_stained_glass",
			"required": false
		},
		{
			"id": "minecraft:yellow_stained_glass",
			"required": false
		},
		{
			"id": "minecraft:lime_stained_glass",
			"required": false
		},
		{
			"id": "minecraft:pink_stained_glass",
			"required": false
		},
		{
			"id": "minecraft:gray_stained_glass",
			"required": false
		},
		{
			"id": "minecraft:light_gray_stained_glass",
			"required": false
		},
		{
			"id": "minecraft:cyan_stained_glass",
			"required": false
		},
		{
			"id": "minecraft:purple_stained_glass",
			"required": false
		},
		{
			"id": "minecraft:blue_stained_glass",
			"required": false
		},
		{
			"id": "minecraft:brown_stained_glass",
			"required": false
		},
		{
			"id": "minecraft:green_stained_glass",
			"required": false
		},
		{
			"id": "minecraft:red_stained_glass",
			"required": false
		},
		{
			"id": "minecraft:black_stained_glass",
			"required": false
		},
		{
			"id": "minecraft:glass",
			"required": false
		},
		{
			"id": "minecraft:acacia_log",
			"required": false
		},
		{
			"id": "minecraft:acacia_planks",
			"required": false
		},
		{
			"id": "minecraft:acacia_wood",
			"required": false
		},
		{
			"id": "minecraft:ancient_debris",
			"required": false
		},
		{
			"id": "minecraft:andesite",
			"required": false
		},
		{
			"id": "minecraft:barrel",
			"required": false
		},
		{
			"id": "minecraft:basalt",
			"required": false
		},
		{
			"id": "minecraft:bedrock",
			"required": false
		},
		{
			"id": "minecraft:beehive",
			"required": false
		},
		{
			"id": "minecraft:bee_nest",
			"required": false
		},
		{
			"id": "minecraft:birch_log",
			"required": false
		},
		{
			"id": "minecraft:birch_planks",
			"required": false
		},
		{
			"id": "minecraft:birch_wood",
			"required": false
		},
		{
			"id": "minecraft:black_concrete",
			"required": false
		},
		{
			"id": "minecraft:black_concrete_powder",
			"required": false
		},
		{
			"id": "minecraft:black_glazed_terracotta",
			"required": false
		},
		{
			"id": "minecraft:black_terracotta",
			"required": false
		},
		{
			"id": "minecraft:black_wool",
			"required": false
		},
		{
			"id": "minecraft:blackstone",
			"required": false
		},
		{
			"id": "minecraft:blue_concrete",
			"required": false
		},
		{
			"id": "minecraft:blue_concrete_powder",
			"required": false
		},
		{
			"id": "minecraft:blue_glazed_terracotta",
			"required": false
		},
		{
			"id": "minecraft:blue_ice",
			"required": false
		},
		{
			"id": "minecraft:blue_terracotta",
			"required": false
		},
		{
			"id": "minecraft:blue_wool",
			"required": false
		},
		{
			"id": "minecraft:bone_block",
			"required": false
		},
		{
			"id": "minecraft:bookshelf",
			"required": false
		},
		{
			"id": "minecraft:brain_coral_block",
			"required": false
		},
		{
			"id": "minecraft:bricks",
			"required": false
		},
		{
			"id": "minecraft:brown_concrete",
			"required": false
		},
		{
			"id": "minecraft:brown_concrete_powder",
			"required": false
		},
		{
			"id": "minecraft:brown_glazed_terracotta",
			"required": false
		},
		{
			"id": "minecraft:brown_mushroom_block",
			"required": false
		},
		{
			"id": "minecraft:brown_terracotta",
			"required": false
		},
		{
			"id": "minecraft:brown_wool",
			"required": false
		},
		{
			"id": "minecraft:bubble_coral_block",
			"required": false
		},
		{
			"id": "minecraft:cartography_table",
			"required": false
		},
		{
			"id": "minecraft:carved_pumpkin",
			"required": false
		},
		{
			"id": "minecraft:chain_command_block",
			"required": false
		},
		{
			"id": "minecraft:chiseled_nether_bricks",
			"required": false
		},
		{
			"id": "minecraft:chiseled_polished_blackstone",
			"required": false
		},
		{
			"id": "minecraft:chiseled_quartz_block",
			"required": false
		},
		{
			"id": "minecraft:chiseled_red_sandstone",
			"required": false
		},
		{
			"id": "minecraft:chiseled_sandstone",
			"required": false
		},
		{
			"id": "minecraft:chiseled_stone_bricks",
			"required": false
		},
		{
			"id": "minecraft:clay",
			"required": false
		},
		{
			"id": "minecraft:coal_block",
			"required": false
		},
		{
			"id": "minecraft:coal_ore",
			"required": false
		},
		{
			"id": "minecraft:coarse_dirt",
			"required": false
		},
		{
			"id": "minecraft:cobblestone",
			"required": false
		},
		{
			"id": "minecraft:command_block",
			"required": false
		},
		{
			"id": "minecraft:cracked_nether_bricks",
			"required": false
		},
		{
			"id": "minecraft:cracked_polished_blackstone_bricks",
			"required": false
		},
		{
			"id": "minecraft:cracked_stone_bricks",
			"required": false
		},
		{
			"id": "minecraft:crafting_table",
			"required": false
		},
		{
			"id": "minecraft:crimson_hyphae",
			"required": false
		},
		{
			"id": "minecraft:crimson_nylium",
			"required": false
		},
		{
			"id": "minecraft:crimson_planks",
			"required": false
		},
		{
			"id": "minecraft:crimson_stem",
			"required": false
		},
		{
			"id": "minecraft:crying_obsidian",
			"required": false
		},
		{
			"id": "minecraft:cut_red_sandstone",
			"required": false
		},
		{
			"id": "minecraft:cut_sandstone",
			"required": false
		},
		{
			"id": "minecraft:cyan_concrete",
			"required": false
		},
		{
			"id": "minecraft:cyan_concrete_powder",
			"required": false
		},
		{
			"id": "minecraft:cyan_glazed_terracotta",
			"required": false
		},
		{
			"id": "minecraft:cyan_terracotta",
			"required": false
		},
		{
			"id": "minecraft:cyan_wool",
			"required": false
		},
		{
			"id": "minecraft:dark_oak_log",
			"required": false
		},
		{
			"id": "minecraft:dark_oak_planks",
			"required": false
		},
		{
			"id": "minecraft:dark_oak_wood",
			"required": false
		},
		{
			"id": "minecraft:dark_prismarine",
			"required": false
		},
		{
			"id": "minecraft:dead_brain_coral_block",
			"required": false
		},
		{
			"id": "minecraft:dead_bubble_coral_block",
			"required": false
		},
		{
			"id": "minecraft:dead_fire_coral_block",
			"required": false
		},
		{
			"id": "minecraft:dead_horn_coral_block",
			"required": false
		},
		{
			"id": "minecraft:dead_tube_coral_block",
			"required": false
		},
		{
			"id": "minecraft:diamond_block",
			"required": false
		},
		{
			"id": "minecraft:diamond_ore",
			"required": false
		},
		{
			"id": "minecraft:diorite",
			"required": false
		},
		{
			"id": "minecraft:dirt",
			"required": false
		},
		{
			"id": "minecraft:dispenser",
			"required": false
		},
		{
			"id": "minecraft:dried_kelp_block",
			"required": false
		},
		{
			"id": "minecraft:dropper",
			"required": false
		},
		{
			"id": "minecraft:emerald_block",
			"required": false
		},
		{
			"id": "minecraft:emerald_ore",
			"required": false
		},
		{
			"id": "minecraft:end_gateway",
			"required": false
		},
		{
			"id": "minecraft:end_stone",
			"required": false
		},
		{
			"id": "minecraft:end_stone_bricks",
			"required": false
		},
		{
			"id": "minecraft:fire_coral_block",
			"required": false
		},
		{
			"id": "minecraft:fletching_table",
			"required": false
		},
		{
			"id": "minecraft:gilded_blackstone",
			"required": false
		},
		{
			"id": "minecraft:gold_block",
			"required": false
		},
		{
			"id": "minecraft:gold_ore",
			"required": false
		},
		{
			"id": "minecraft:granite",
			"required": false
		},
		{
			"id": "minecraft:grass_block",
			"required": false
		},
		{
			"id": "minecraft:gravel",
			"required": false
		},
		{
			"id": "minecraft:gray_concrete",
			"required": false
		},
		{
			"id": "minecraft:gray_concrete_powder",
			"required": false
		},
		{
			"id": "minecraft:gray_glazed_terracotta",
			"required": false
		},
		{
			"id": "minecraft:gray_terracotta",
			"required": false
		},
		{
			"id": "minecraft:gray_wool",
			"required": false
		},
		{
			"id": "minecraft:green_concrete",
			"required": false
		},
		{
			"id": "minecraft:green_concrete_powder",
			"required": false
		},
		{
			"id": "minecraft:green_glazed_terracotta",
			"required": false
		},
		{
			"id": "minecraft:green_terracotta",
			"required": false
		},
		{
			"id": "minecraft:green_wool",
			"required": false
		},
		{
			"id": "minecraft:hay_block",
			"required": false
		},
		{
			"id": "minecraft:honeycomb_block",
			"required": false
		},
		{
			"id": "minecraft:horn_coral_block",
			"required": false
		},
		{
			"id": "minecraft:infested_chiseled_stone_bricks",
			"required": false
		},
		{
			"id": "minecraft:infested_cobblestone",
			"required": false
		},
		{
			"id": "minecraft:infested_cracked_stone_bricks",
			"required": false
		},
		{
			"id": "minecraft:infested_mossy_stone_bricks",
			"required": false
		},
		{
			"id": "minecraft:infested_stone",
			"required": false
		},
		{
			"id": "minecraft:infested_stone_bricks",
			"required": false
		},
		{
			"id": "minecraft:iron_block",
			"required": false
		},
		{
			"id": "minecraft:iron_ore",
			"required": false
		},
		{
			"id": "minecraft:jigsaw",
			"required": false
		},
		{
			"id": "minecraft:jukebox",
			"required": false
		},
		{
			"id": "minecraft:jungle_log",
			"required": false
		},
		{
			"id": "minecraft:jungle_planks",
			"required": false
		},
		{
			"id": "minecraft:jungle_wood",
			"required": false
		},
		{
			"id": "minecraft:lapis_block",
			"required": false
		},
		{
			"id": "minecraft:lapis_ore",
			"required": false
		},
		{
			"id": "minecraft:light_blue_concrete",
			"required": false
		},
		{
			"id": "minecraft:light_blue_concrete_powder",
			"required": false
		},
		{
			"id": "minecraft:light_blue_glazed_terracotta",
			"required": false
		},
		{
			"id": "minecraft:light_blue_terracotta",
			"required": false
		},
		{
			"id": "minecraft:light_blue_wool",
			"required": false
		},
		{
			"id": "minecraft:light_gray_concrete",
			"required": false
		},
		{
			"id": "minecraft:light_gray_concrete_powder",
			"required": false
		},
		{
			"id": "minecraft:light_gray_glazed_terracotta",
			"required": false
		},
		{
			"id": "minecraft:light_gray_terracotta",
			"required": false
		},
		{
			"id": "minecraft:light_gray_wool",
			"required": false
		},
		{
			"id": "minecraft:lime_concrete",
			"required": false
		},
		{
			"id": "minecraft:lime_concrete_powder",
			"required": false
		},
		{
			"id": "minecraft:lime_glazed_terracotta",
			"required": false
		},
		{
			"id": "minecraft:lime_terracotta",
			"required": false
		},
		{
			"id": "minecraft:lime_wool",
			"required": false
		},
		{
			"id": "minecraft:lodestone",
			"required": false
		},
		{
			"id": "minecraft:loom",
			"required": false
		},
		{
			"id": "minecraft:magenta_concrete",
			"required": false
		},
		{
			"id": "minecraft:magenta_concrete_powder",
			"required": false
		},
		{
			"id": "minecraft:magenta_glazed_terracotta",
			"required": false
		},
		{
			"id": "minecraft:magenta_terracotta",
			"required": false
		},
		{
			"id": "minecraft:magenta_wool",
			"required": false
		},
		{
			"id": "minecraft:magma_block",
			"required": false
		},
		{
			"id": "minecraft:melon",
			"required": false
		},
		{
			"id": "minecraft:mossy_cobblestone",
			"required": false
		},
		{
			"id": "minecraft:mossy_stone_bricks",
			"required": false
		},
		{
			"id": "minecraft:mycelium",
			"required": false
		},
		{
			"id": "minecraft:nether_bricks",
			"required": false
		},
		{
			"id": "minecraft:nether_gold_ore",
			"required": false
		},
		{
			"id": "minecraft:nether_quartz_ore",
			"required": false
		},
		{
			"id": "minecraft:nether_wart_block",
			"required": false
		},
		{
			"id": "minecraft:netherite_block",
			"required": false
		},
		{
			"id": "minecraft:netherrack",
			"required": false
		},
		{
			"id": "minecraft:note_block",
			"required": false
		},
		{
			"id": "minecraft:oak_log",
			"required": false
		},
		{
			"id": "minecraft:oak_planks",
			"required": false
		},
		{
			"id": "minecraft:oak_wood",
			"required": false
		},
		{
			"id": "minecraft:observer",
			"required": false
		},
		{
			"id": "minecraft:obsidian",
			"required": false
		},
		{
			"id": "minecraft:orange_concrete",
			"required": false
		},
		{
			"id": "minecraft:orange_concrete_powder",
			"required": false
		},
		{
			"id": "minecraft:orange_glazed_terracotta",
			"required": false
		},
		{
			"id": "minecraft:orange_terracotta",
			"required": false
		},
		{
			"id": "minecraft:orange_wool",
			"required": false
		},
		{
			"id": "minecraft:packed_ice",
			"required": false
		},
		{
			"id": "minecraft:pink_concrete",
			"required": false
		},
		{
			"id": "minecraft:pink_concrete_powder",
			"required": false
		},
		{
			"id": "minecraft:pink_glazed_terracotta",
			"required": false
		},
		{
			"id": "minecraft:pink_terracotta",
			"required": false
		},
		{
			"id": "minecraft:pink_wool",
			"required": false
		},
		{
			"id": "minecraft:podzol",
			"required": false
		},
		{
			"id": "minecraft:polished_andesite",
			"required": false
		},
		{
			"id": "minecraft:polished_basalt",
			"required": false
		},
		{
			"id": "minecraft:polished_blackstone",
			"required": false
		},
		{
			"id": "minecraft:polished_blackstone_bricks",
			"required": false
		},
		{
			"id": "minecraft:polished_diorite",
			"required": false
		},
		{
			"id": "minecraft:polished_granite",
			"required": false
		},
		{
			"id": "minecraft:prismarine",
			"required": false
		},
		{
			"id": "minecraft:prismarine_bricks",
			"required": false
		},
		{
			"id": "minecraft:pumpkin",
			"required": false
		},
		{
			"id": "minecraft:purple_concrete",
			"required": false
		},
		{
			"id": "minecraft:purple_concrete_powder",
			"required": false
		},
		{
			"id": "minecraft:purple_glazed_terracotta",
			"required": false
		},
		{
			"id": "minecraft:purple_terracotta",
			"required": false
		},
		{
			"id": "minecraft:purple_wool",
			"required": false
		},
		{
			"id": "minecraft:purpur_block",
			"required": false
		},
		{
			"id": "minecraft:purpur_pillar",
			"required": false
		},
		{
			"id": "minecraft:quartz_block",
			"required": false
		},
		{
			"id": "minecraft:quartz_bricks",
			"required": false
		},
		{
			"id": "minecraft:quartz_pillar",
			"required": false
		},
		{
			"id": "minecraft:red_concrete",
			"required": false
		},
		{
			"id": "minecraft:red_concrete_powder",
			"required": false
		},
		{
			"id": "minecraft:red_glazed_terracotta",
			"required": false
		},
		{
			"id": "minecraft:red_mushroom_block",
			"required": false
		},
		{
			"id": "minecraft:red_nether_bricks",
			"required": false
		},
		{
			"id": "minecraft:red_sand",
			"required": false
		},
		{
			"id": "minecraft:red_sandstone",
			"required": false
		},
		{
			"id": "minecraft:red_terracotta",
			"required": false
		},
		{
			"id": "minecraft:red_wool",
			"required": false
		},
		{
			"id": "minecraft:redstone_block",
			"required": false
		},
		{
			"id": "minecraft:redstone_lamp",
			"required": false
		},
		{
			"id": "minecraft:redstone_ore",
			"required": false
		},
		{
			"id": "minecraft:repeating_command_block",
			"required": false
		},
		{
			"id": "minecraft:respawn_anchor",
			"required": false
		},
		{
			"id": "minecraft:sand",
			"required": false
		},
		{
			"id": "minecraft:sandstone",
			"required": false
		},
		{
			"id": "minecraft:shroomlight",
			"required": false
		},
		{
			"id": "minecraft:smithing_table",
			"required": false
		},
		{
			"id": "minecraft:smooth_quartz",
			"required": false
		},
		{
			"id": "minecraft:smooth_red_sandstone",
			"required": false
		},
		{
			"id": "minecraft:smooth_sandstone",
			"required": false
		},
		{
			"id": "minecraft:smooth_stone",
			"required": false
		},
		{
			"id": "minecraft:snow_block",
			"required": false
		},
		{
			"id": "minecraft:soul_soil",
			"required": false
		},
		{
			"id": "minecraft:sponge",
			"required": false
		},
		{
			"id": "minecraft:spruce_log",
			"required": false
		},
		{
			"id": "minecraft:spruce_planks",
			"required": false
		},
		{
			"id": "minecraft:spruce_wood",
			"required": false
		},
		{
			"id": "minecraft:stone",
			"required": false
		},
		{
			"id": "minecraft:stone_bricks",
			"required": false
		},
		{
			"id": "minecraft:stripped_acacia_log",
			"required": false
		},
		{
			"id": "minecraft:stripped_acacia_wood",
			"required": false
		},
		{
			"id": "minecraft:stripped_birch_log",
			"required": false
		},
		{
			"id": "minecraft:stripped_birch_wood",
			"required": false
		},
		{
			"id": "minecraft:stripped_crimson_hyphae",
			"required": false
		},
		{
			"id": "minecraft:stripped_crimson_stem",
			"required": false
		},
		{
			"id": "minecraft:stripped_dark_oak_log",
			"required": false
		},
		{
			"id": "minecraft:stripped_dark_oak_wood",
			"required": false
		},
		{
			"id": "minecraft:stripped_jungle_log",
			"required": false
		},
		{
			"id": "minecraft:stripped_jungle_wood",
			"required": false
		},
		{
			"id": "minecraft:stripped_oak_log",
			"required": false
		},
		{
			"id": "minecraft:stripped_oak_wood",
			"required": false
		},
		{
			"id": "minecraft:stripped_spruce_log",
			"required": false
		},
		{
			"id": "minecraft:stripped_spruce_wood",
			"required": false
		},
		{
			"id": "minecraft:stripped_warped_hyphae",
			"required": false
		},
		{
			"id": "minecraft:stripped_warped_stem",
			"required": false
		},
		{
			"id": "minecraft:structure_block",
			"required": false
		},
		{
			"id": "minecraft:target",
			"required": false
		},
		{
			"id": "minecraft:terracotta",
			"required": false
		},
		{
			"id": "minecraft:tube_coral_block",
			"required": false
		},
		{
			"id": "minecraft:warped_hyphae",
			"required": false
		},
		{
			"id": "minecraft:warped_nylium",
			"required": false
		},
		{
			"id": "minecraft:warped_planks",
			"required": false
		},
		{
			"id": "minecraft:warped_stem",
			"required": false
		},
		{
			"id": "minecraft:warped_wart_block",
			"required": false
		},
		{
			"id": "minecraft:wet_sponge",
			"required": false
		},
		{
			"id": "minecraft:white_concrete",
			"required": false
		},
		{
			"id": "minecraft:white_concrete_powder",
			"required": false
		},
		{
			"id": "minecraft:white_glazed_terracotta",
			"required": false
		},
		{
			"id": "minecraft:white_terracotta",
			"required": false
		},
		{
			"id": "minecraft:white_wool",
			"required": false
		},
		{
			"id": "minecraft:yellow_concrete",
			"required": false
		},
		{
			"id": "minecraft:yellow_concrete_powder",
			"required": false
		},
		{
			"id": "minecraft:yellow_glazed_terracotta",
			"required": false
		},
		{
			"id": "minecraft:yellow_terracotta",
			"required": false
		},
		{
			"id": "minecraft:yellow_wool",
			"required": false
		},
		{
			"id": "minecraft:barrier",
			"required": false
		},
		{
			"id": "minecraft:beacon",
			"required": false
		},
		{
			"id": "minecraft:blast_furnace",
			"required": false
		},
		{
			"id": "minecraft:frosted_ice",
			"required": false
		},
		{
			"id": "minecraft:furnace",
			"required": false
		},
		{
			"id": "minecraft:glowstone",
			"required": false
		},
		{
			"id": "minecraft:honey_block",
			"required": false
		},
		{
			"id": "minecraft:ice",
			"required": false
		},
		{
			"id": "minecraft:jack_o_lantern",
			"required": false
		},
		{
			"id": "minecraft:sea_lantern",
			"required": false
		},
		{
			"id": "minecraft:slime_block",
			"required": false
		},
		{
			"id": "minecraft:smoker",
			"required": false
		},
		{
			"id": "minecraft:spawner",
			"required": false
		},
		{
			"id": "minecraft:tnt",
			"required": false
		},
		"deepslate",
		"cobbled_deepslate",
		"smooth_basalt",
		"calcite",
		"tuff",
		"dripstone_block",
		"#minecraft:copper_ores",
		"deepslate_coal_ore",
		"deepslate_iron_ore",
		"deepslate_gold_ore",
		"deepslate_redstone_ore",
		"deepslate_emerald_ore",
		"deepslate_lapis_ore",
		"deepslate_diamond_ore",
		"raw_copper_block",
		"raw_gold_block",
		"raw_iron_block",
		"amethyst_block",
		"budding_amethyst",
		"tinted_glass",
		"polished_deepslate",
		"deepslate_bricks",
		"cracked_deepslate_bricks",
		"deepslate_tiles",
		"cracked_deepslate_tiles",
		"chiseled_deepslate",
		"infested_deepslate",
		"moss_block",
		"rooted_dirt",
		"copper_block",
		"exposed_copper",
		"weathered_copper",
		"oxidized_copper",
		"cut_copper",
		"exposed_cut_copper",
		"weathered_cut_copper",
		"oxidized_cut_copper",
		"waxed_copper_block",
		"waxed_exposed_copper",
		"waxed_weathered_copper",
		"waxed_oxidized_copper",
		"waxed_cut_copper",
		"waxed_exposed_cut_copper",
		"waxed_weathered_cut_copper",
		"waxed_oxidized_cut_copper",

		"mud",
		"packed_mud",
		"mud_bricks",
		"mangrove_roots",
		"muddy_mangrove_roots",
		"#minecraft:mangrove_logs",
		"mangrove_planks",
		"ochre_froglight",
		"pearlescent_froglight",
		"verdant_froglight",
		"sculk",
		"sculk_catalyst",

		"#minecraft:cherry_logs",
		"#minecraft:bamboo_blocks",
		"bamboo_planks",
		"bamboo_mosaic",
		"chiseled_bookshelf",
		"cherry_planks",
		"suspicious_gravel",
		"suspicious_sand"
	]
}