{
	"feature": {
		"type": "minecraft:random_selector",
		"config": {
			"features": [],
			"default": {
				"feature": "cavernous:generic/splotches/granite",
				"placement": []
			}
		}
	},
	"placement": [
		{
			"type": "minecraft:count",
			"count": 100
		},
		{
			"type": "minecraft:in_square"
		},
		{
			"type": "minecraft:height_range",
			"height": {
				"type": "minecraft:uniform",
				"min_inclusive": {
					"above_bottom": 0
				},
				"max_inclusive": {
					"below_top": 0
				}
			}
		},
		{
			"type": "minecraft:biome"
		}
	]
}
