{
	"credit": "Made with Blockbench",
	"textures": {
		"0": "item/wither/homing_projectile/main",
		"2": "item/wither/homing_projectile/1",
		"particle": "item/wither/homing_projectile/main"
	},
	"elements": [
		{
			"from": [5, 0, 0],
			"to": [11, 2, 6],
			"rotation": {"angle": 0, "axis": "x", "origin": [8, 2, 6]},
			"faces": {
				"north": {"uv": [0, 8, 3, 7], "texture": "#0"},
				"east": {"uv": [3, 7, 6, 8], "texture": "#0"},
				"south": {"uv": [3, 8, 6, 9], "texture": "#0"},
				"west": {"uv": [6, 7, 3, 8], "texture": "#0"},
				"up": {"uv": [9.5, 3.5, 15.5, 9.5], "texture": "#0"},
				"down": {"uv": [0, 8, 3, 11], "texture": "#0"}
			}
		},
		{
			"from": [4, 2, 0],
			"to": [12, 8, 8],
			"rotation": {"angle": 0, "axis": "y", "origin": [7, 2, 0]},
			"faces": {
				"north": {"uv": [0, 0, 4, 3], "texture": "#0"},
				"east": {"uv": [8, 0, 4, 3], "texture": "#0"},
				"south": {"uv": [4, 3, 8, 6], "texture": "#0"},
				"west": {"uv": [4, 0, 8, 3], "texture": "#0"},
				"up": {"uv": [0, 7, 4, 3], "texture": "#0"},
				"down": {"uv": [0, 11, 4, 15], "texture": "#0"}
			}
		},
		{
			"from": [3.5, -0.5, -0.25],
			"to": [3.5, 8.5, 22.75],
			"rotation": {"angle": 0, "axis": "y", "origin": [8, 4, 10.75]},
			"faces": {
				"north": {"uv": [0, 0, 6.4, 6.4], "texture": "#2"},
				"east": {"uv": [16, 6.4, 0, 12], "texture": "#2"},
				"west": {"uv": [0, 6.4, 16, 12], "texture": "#2"},
				"up": {"uv": [6.4, 5.6, 16, 0], "rotation": 90, "texture": "#2"},
				"down": {"uv": [0, 11, 4, 15], "texture": "#2"}
			}
		},
		{
			"from": [12.5, -0.5, -0.25],
			"to": [12.5, 8.5, 22.75],
			"rotation": {"angle": 0, "axis": "y", "origin": [8, 4, 10.75]},
			"faces": {
				"north": {"uv": [0, 0, 6.4, 6.4], "texture": "#2"},
				"east": {"uv": [16, 6.4, 0, 12], "texture": "#2"},
				"west": {"uv": [0, 6.4, 16, 12], "texture": "#2"},
				"up": {"uv": [6.4, 5.6, 16, 0], "rotation": 90, "texture": "#2"},
				"down": {"uv": [0, 11, 4, 15], "texture": "#2"}
			}
		},
		{
			"from": [3.5, -0.5, -0.25],
			"to": [12.5, 8.5, -0.25],
			"rotation": {"angle": 0, "axis": "y", "origin": [7, 2, 0]},
			"faces": {
				"north": {"uv": [0, 0, 6.4, 6.4], "texture": "#2"},
				"east": {"uv": [12, 6.4, 0, 12], "texture": "#2"},
				"west": {"uv": [0, 6.4, 12, 12], "texture": "#2"},
				"up": {"uv": [6.4, 5.6, 16, 0], "rotation": 90, "texture": "#2"},
				"down": {"uv": [0, 11, 4, 15], "texture": "#2"}
			}
		},
		{
			"from": [3.5, 8.5, -0.25],
			"to": [12.5, 8.5, 22.75],
			"rotation": {"angle": 0, "axis": "x", "origin": [8, 4, 10.75]},
			"faces": {
				"north": {"uv": [0, 0, 6.4, 6.4], "texture": "#2"},
				"east": {"uv": [16, 6.4, 0, 12], "texture": "#2"},
				"west": {"uv": [0, 6.4, 16, 12], "texture": "#2"},
				"up": {"uv": [0, 12, 16, 6.4], "rotation": 90, "texture": "#2"},
				"down": {"uv": [16, 6.4, 0, 12], "rotation": 90, "texture": "#2"}
			}
		},
		{
			"from": [3.5, -0.5, -0.25],
			"to": [12.5, -0.5, 22.75],
			"rotation": {"angle": 0, "axis": "x", "origin": [8, 4, 10.75]},
			"faces": {
				"north": {"uv": [0, 0, 6.4, 6.4], "texture": "#2"},
				"east": {"uv": [16, 6.4, 0, 12], "texture": "#2"},
				"west": {"uv": [0, 6.4, 16, 12], "texture": "#2"},
				"up": {"uv": [0, 12, 16, 6.4], "rotation": 90, "texture": "#2"},
				"down": {"uv": [16, 6.4, 0, 12], "rotation": 90, "texture": "#2"}
			}
		}
	],
	"display": {},
	"groups": [
		{
			"name": "skull",
			"origin": [8, 8, 8],
			"color": 0,
			"children": [0, 1, 2, 3, 4, 5, 6]
		}
	]
}