{
	"feature": "cavernous:biomes/lush/fungal/mushrooms/upside_down/brown_cap",
	"placement": [
		{
			"type": "minecraft:count",
			"count": 170
		},
		{
			"type": "minecraft:count",
			"count": 50
		},
		{
			"type": "minecraft:in_square"
		},
		{
			"type": "minecraft:height_range",
			"height": {
				"type": "minecraft:uniform",
				"min_inclusive": {
					"above_bottom": 0
				},
				"max_inclusive": {
					"absolute": 55
				}
			}
		},
		{
			"type": "minecraft:environment_scan",
			"direction_of_search": "up",
			"max_steps": 32,
			"target_condition": {
				"type": "minecraft:all_of",
				"predicates": [
					{
						"type": "minecraft:matching_blocks",
						"offset": [
							0,
							0,
							0
						],
						"blocks": "minecraft:red_concrete"
					},
					{
						"type": "minecraft:matching_blocks",
						"offset": [
							0,
							1,
							0
						],
						"blocks": "minecraft:mushroom_stem"
					}
				]
			}
		}
	]
}