{
  "description": {
    "text": "Wither"
  },
  "supported_items": "#minecraft:enchantable/fire_aspect",
  "primary_items": "#minecraft:enchantable/sword",
  "weight": 2,
  "max_level": 2,
  "min_cost": {
    "base": 10,
    "per_level_above_first": 20
  },
  "max_cost": {
    "base": 60,
    "per_level_above_first": 20
  },
  "anvil_cost": 4,
  "slots": [
    "mainhand"
  ],
  "effects": {
    "minecraft:post_attack": [
      {
        "enchanted": "attacker",
        "affected": "victim",
        "effect": {
          "type": "minecraft:apply_mob_effect",
          "to_apply": "minecraft:wither",
          "min_duration": {
            "type": "minecraft:linear",
            "base": 5,
            "per_level_above_first": 2
          },
          "max_duration": {
            "type": "minecraft:linear",
            "base": 5,
            "per_level_above_first": 2
          },
          "min_amplifier": 1,
          "max_amplifier": 1
        },
        "requirements": {
          "condition": "minecraft:damage_source_properties",
          "predicate": {
            "is_direct": true
          }
        }
      }
    ]
  }
}
