{
	"credit": "Made with Blockbench",
	"textures": {
		"6": "item/soul_rocker/projectile_6",
		"particle": "item/soul_rocker/projectile_0"
	},
	"elements": [
		{
			"from": [0, 0, 8],
			"to": [16, 16, 8],
			"rotation": {"angle": 45, "axis": "z", "origin": [8, 8, 8]},
			"faces": {
				"north": {"uv": [0, 0, 16, 16], "texture": "#6"},
				"east": {"uv": [0, 0, 0, 16], "texture": "#6"},
				"south": {"uv": [0, 0, 16, 16], "texture": "#6"},
				"west": {"uv": [0, 0, 0, 16], "texture": "#6"},
				"up": {"uv": [0, 0, 16, 0], "texture": "#6"},
				"down": {"uv": [0, 0, 16, 0], "texture": "#6"}
			}
		}
	],
	"display": {
		"head": {
			"translation": [0, -6, 0],
			"scale": [2, 2, 2]
		}
	}
}