{
	"type": "minecraft:tree",
	"config": {
		"ignore_vines": true,
		"force_dirt": false,
		"minimum_size": {
			"type": "minecraft:two_layers_feature_size"
		},
		"dirt_provider": {
			"type": "minecraft:simple_state_provider",
			"state": {
				"Name": "minecraft:cherry_wood",
				"Properties": {
					"axis": "y"
				}
			}
		},
		"trunk_provider": {
			"type": "minecraft:simple_state_provider",
			"state": {
				"Name": "minecraft:cherry_wood",
				"Properties": {
					"axis": "y"
				}
			}
		},
		"foliage_provider": {
			"type": "minecraft:simple_state_provider",
			"state": {
				"Name": "minecraft:pearlescent_froglight",
				"Properties": {
					"axis": "y"
				}
			}
		},
		"trunk_placer": {
			"type": "minecraft:straight_trunk_placer",
			"base_height": 4,
			"height_rand_a": 2,
			"height_rand_b": 3
		},
		"foliage_placer": {
			"type": "minecraft:acacia_foliage_placer",
			"radius": 2,
			"offset": 0
		},
		"decorators": [
			{
				"type": "minecraft:trunk_vine"
			}
		]
	}
}
