{
	"type": "minecraft:chest",
	"pools": [
		{
			"rolls": {
				"min": 1,
				"max": 2
			},
			"entries": [
				{
					"type": "minecraft:item",
					"weight": 1,
					"name": "minecraft:iron_ingot",
					"functions": [
						{
							"function": "minecraft:set_count",
							"count": {
								"min": 1,
								"max": 3
							}
						}
					]
				},
				{
					"type": "minecraft:item",
					"weight": 3,
					"name": "minecraft:copper_ingot",
					"functions": [
						{
							"function": "minecraft:set_count",
							"count": {
								"min": 3,
								"max": 6
							}
						}
					]
				}
			]
		},
		{
			"rolls": 3,
			"entries": [
				{
					"type": "minecraft:item",
					"weight": 1,
					"name": "minecraft:bread",
					"functions": [
						{
							"function": "minecraft:set_count",
							"count": {
								"min": 1,
								"max": 2
							}
						}
					]
				},
				{
					"type": "minecraft:item",
					"weight": 1,
					"name": "minecraft:potato",
					"functions": [
						{
							"function": "minecraft:set_count",
							"count": {
								"min": 3,
								"max": 4
							}
						}
					]
				}
			]
		},
		{
			"rolls": 6,
			"entries": [
				{
					"type": "minecraft:item",
					"name": "minecraft:mud_bricks",
					"functions": [
						{
							"function": "minecraft:set_count",
							"count": {
								"min": 1,
								"max": 2
							}
						}
					]
				},
				{
					"type": "minecraft:item",
					"weight": 2,
					"name": "minecraft:brick",
					"functions": [
						{
							"function": "minecraft:set_count",
							"count": {
								"min": 1,
								"max": 2
							}
						}
					]
				},
				{
					"type": "minecraft:item",
					"name": "minecraft:mud_brick_stairs",
					"functions": [
						{
							"function": "minecraft:set_count",
							"count": {
								"min": 1,
								"max": 2
							}
						}
					]
				},
				{
					"type": "minecraft:item",
					"name": "minecraft:mud_brick_wall",
					"functions": [
						{
							"function": "minecraft:set_count",
							"count": {
								"min": 1,
								"max": 2
							},
							"add": false
						}
					]
				},
				{
					"type": "minecraft:item",
					"name": "minecraft:mud_brick_slab",
					"functions": [
						{
							"function": "minecraft:set_count",
							"count": {
								"min": 1,
								"max": 2
							}
						}
					]
				},
				{
					"type": "minecraft:item",
					"name": "minecraft:iron_bars",
					"functions": [
						{
							"function": "minecraft:set_count",
							"count": {
								"min": 1,
								"max": 2
							}
						}
					]
				},
				{
					"type": "minecraft:item",
					"weight": 2,
					"name": "minecraft:packed_mud",
					"functions": [
						{
							"function": "minecraft:set_count",
							"count": {
								"min": 1,
								"max": 2
							}
						}
					]
				},
				{
					"type": "minecraft:item",
					"weight": 1,
					"name": "minecraft:book",
					"functions": [
						{
							"function": "minecraft:set_count",
							"count": {
								"min": 1,
								"max": 2
							}
						}
					]
				},
				{
					"type": "minecraft:item",
					"weight": 2,
					"name": "minecraft:paper",
					"functions": [
						{
							"function": "minecraft:set_count",
							"count": {
								"min": 2,
								"max": 3
							}
						}
					]
				},
				{
					"type": "minecraft:item",
					"weight": 2,
					"name": "minecraft:glass_bottle",
					"functions": [
						{
							"function": "minecraft:set_count",
							"count": {
								"min": 1,
								"max": 3
							}
						}
					]
				},
				{
					"type": "minecraft:item",
					"weight": 3,
					"name": "minecraft:candle",
					"functions": [
						{
							"function": "minecraft:set_count",
							"count": {
								"min": 1,
								"max": 3
							}
						}
					]
				}
			]
		},
		{
			"rolls": 2,
			"entries": [
				{
					"type": "minecraft:item",
					"name": "minecraft:waxed_exposed_cut_copper",
					"functions": [
						{
							"function": "minecraft:set_count",
							"count": {
								"min": 3,
								"max": 6
							}
						}
					]
				},
				{
					"type": "minecraft:item",
					"name": "minecraft:waxed_exposed_copper",
					"functions": [
						{
							"function": "minecraft:set_count",
							"count": {
								"min": 3,
								"max": 6
							}
						}
					]
				},
				{
					"type": "minecraft:item",
					"name": "minecraft:chiseled_stone_bricks",
					"functions": [
						{
							"function": "minecraft:set_count",
							"count": 1
						}
					]
				}
			]
		},
		{
			"rolls": {
				"min": 0,
				"max": 2
			},
			"entries": [
				{
					"type": "minecraft:item",
					"name": "minecraft:stone_axe",
					"functions": [
						{
							"function": "minecraft:set_damage",
							"damage": {
								"min": 0.1,
								"max": 0.4
							}
						}
					]
				},
				{
					"type": "minecraft:item",
					"name": "minecraft:stone_pickaxe",
					"functions": [
						{
							"function": "minecraft:set_damage",
							"damage": {
								"min": 0.1,
								"max": 0.4
							}
						}
					]
				},
				{
					"type": "minecraft:item",
					"name": "minecraft:iron_sword",
					"functions": [
						{
							"function": "minecraft:set_damage",
							"damage": {
								"min": 0.1,
								"max": 0.4
							}
						}
					]
				},
				{
					"type": "minecraft:item",
					"name": "minecraft:chainmail_helmet",
					"functions": [
						{
							"function": "minecraft:set_damage",
							"damage": {
								"min": 0.1,
								"max": 0.4
							}
						}
					]
				},
				{
					"type": "minecraft:item",
					"name": "minecraft:chainmail_chestplate",
					"functions": [
						{
							"function": "minecraft:set_damage",
							"damage": {
								"min": 0.1,
								"max": 0.4
							}
						}
					]
				},
				{
					"type": "minecraft:item",
					"name": "minecraft:chainmail_leggings",
					"functions": [
						{
							"function": "minecraft:set_damage",
							"damage": {
								"min": 0.1,
								"max": 0.4
							}
						}
					]
				},
				{
					"type": "minecraft:item",
					"name": "minecraft:chainmail_boots",
					"functions": [
						{
							"function": "minecraft:set_damage",
							"damage": {
								"min": 0.1,
								"max": 0.4
							}
						}
					]
				}
			]
		}
	]
}
