{
	"type": "minecraft:chest",
	"pools": [
		{
			"rolls": 9,
			"entries": [
				{
					"type": "minecraft:item",
					"weight": 1,
					"name": "minecraft:blaze_powder",
					"functions": [
						{
							"function": "minecraft:set_count",
							"count": {
								"min": 1,
								"max": 2
							}
						}
					]
				},
				{
					"type": "minecraft:item",
					"weight": 1,
					"name": "minecraft:cauldron"
				},
				{
					"type": "minecraft:item",
					"weight": 2,
					"name": "minecraft:bucket"
				},
				{
					"type": "minecraft:item",
					"weight": 3,
					"name": "minecraft:stick",
					"functions": [
						{
							"function": "minecraft:set_count",
							"count": {
								"min": 2,
								"max": 4
							}
						}
					]
				},
				{
					"type": "minecraft:item",
					"weight": 3,
					"name": "minecraft:charcoal",
					"functions": [
						{
							"function": "minecraft:set_count",
							"count": {
								"min": 2,
								"max": 4
							}
						}
					]
				},
				{
					"type": "minecraft:item",
					"weight": 2,
					"name": "minecraft:bowl",
					"functions": [
						{
							"function": "minecraft:set_count",
							"count": {
								"min": 1,
								"max": 2
							}
						}
					]
				},
				{
					"type": "minecraft:item",
					"weight": 2,
					"name": "minecraft:glass_bottle",
					"functions": [
						{
							"function": "minecraft:set_count",
							"count": {
								"min": 2,
								"max": 4
							}
						}
					]
				},
				{
					"type": "minecraft:item",
					"weight": 2,
					"name": "minecraft:potion",
					"functions": [
						{
							"function": "minecraft:set_potion",
							"id": "minecraft:water"
						},
						{
							"function": "minecraft:set_count",
							"count": {
								"min": 2,
								"max": 4
							}
						}
					]
				}
			]
		}
	]
}
