{
	"type": "minecraft:chest",
	"pools": [
		{
			"rolls": {
				"min": 0,
				"max": 1
			},
			"entries": [
				{
					"type": "minecraft:item",
					"weight": 1,
					"name": "minecraft:iron_ingot",
					"functions": [
						{
							"function": "minecraft:set_count",
							"count": {
								"min": 1,
								"max": 3
							}
						}
					]
				},
				{
					"type": "minecraft:item",
					"weight": 3,
					"name": "minecraft:copper_ingot",
					"functions": [
						{
							"function": "minecraft:set_count",
							"count": {
								"min": 3,
								"max": 6
							}
						}
					]
				}
			]
		},
		{
			"rolls": 6,
			"entries": [
				{
					"type": "minecraft:item",
					"name": "minecraft:mud_bricks",
					"functions": [
						{
							"function": "minecraft:set_count",
							"count": {
								"min": 4,
								"max": 10
							}
						}
					]
				},
				{
					"type": "minecraft:item",
					"name": "minecraft:mud_brick_stairs",
					"functions": [
						{
							"function": "minecraft:set_count",
							"count": {
								"min": 4,
								"max": 8
							}
						}
					]
				},
				{
					"type": "minecraft:item",
					"name": "minecraft:mud_brick_wall",
					"functions": [
						{
							"function": "minecraft:set_count",
							"count": {
								"min": 4,
								"max": 8
							},
							"add": false
						}
					]
				},
				{
					"type": "minecraft:item",
					"name": "minecraft:mud_brick_slab",
					"functions": [
						{
							"function": "minecraft:set_count",
							"count": {
								"min": 4,
								"max": 8
							}
						}
					]
				},
				{
					"type": "minecraft:item",
					"name": "minecraft:iron_bars",
					"functions": [
						{
							"function": "minecraft:set_count",
							"count": {
								"min": 7,
								"max": 12
							}
						}
					]
				},
				{
					"type": "minecraft:item",
					"weight": 2,
					"name": "minecraft:packed_mud",
					"functions": [
						{
							"function": "minecraft:set_count",
							"count": {
								"min": 5,
								"max": 10
							}
						}
					]
				},
				{
					"type": "minecraft:item",
					"weight": 3,
					"name": "minecraft:candle",
					"functions": [
						{
							"function": "minecraft:set_count",
							"count": {
								"min": 5,
								"max": 8
							}
						}
					]
				}
			]
		},
		{
			"rolls": 2,
			"entries": [
				{
					"type": "minecraft:item",
					"name": "minecraft:waxed_exposed_cut_copper",
					"functions": [
						{
							"function": "minecraft:set_count",
							"count": {
								"min": 10,
								"max": 15
							}
						}
					]
				},
				{
					"type": "minecraft:item",
					"name": "minecraft:waxed_exposed_copper",
					"functions": [
						{
							"function": "minecraft:set_count",
							"count": {
								"min": 10,
								"max": 15
							}
						}
					]
				},
				{
					"type": "minecraft:item",
					"name": "minecraft:chiseled_stone_bricks",
					"functions": [
						{
							"function": "minecraft:set_count",
							"count": 1
						}
					]
				}
			]
		},
		{
			"rolls": 2,
			"entries": [
				{
					"type": "minecraft:item",
					"name": "minecraft:jungle_planks",
					"functions": [
						{
							"function": "minecraft:set_count",
							"count": {
								"min": 10,
								"max": 15
							}
						}
					]
				},
				{
					"type": "minecraft:item",
					"name": "minecraft:stripped_jungle_log",
					"functions": [
						{
							"function": "minecraft:set_count",
							"count": {
								"min": 10,
								"max": 15
							}
						}
					]
				}
			]
		}
	]
}
