{
	"type": "minecraft:chest",
	"pools": [
		{
			"rolls": 1,
			"bonus_rolls": 0,
			"entries": [
				{
					"type": "minecraft:item",
					"name": "minecraft:shelter_pottery_sherd",
					"functions": [
						{
							"function": "minecraft:set_count",
							"count": {
								"min": 1,
								"max": 2
							}
						}
					]
				}
			],
			"functions": [
				{
					"function": "minecraft:set_components",
					"components": {
						"custom_data":{"tag":"ancient_tablet"},
						"custom_name": "{\"color\":\"dark_red\",\"text\":\"Ancient Tablet\"}",
						"lore": ["[{\"text\":\"Crafting Resource\",\"italic\":false,\"color\":\"gray\"},{\"text\":\"\",\"italic\":false,\"color\":\"dark_purple\"}]","[{\"text\":\"Throw on the ground with\",\"italic\":false,\"color\":\"red\"},{\"text\":\"\",\"italic\":false,\"color\":\"dark_purple\"}]","[{\"text\":\"valid item to imbue it\",\"italic\":false,\"color\":\"red\"},{\"text\":\"\",\"italic\":false,\"color\":\"dark_purple\"}]","[{\"text\":\"with ancient power.\",\"italic\":false,\"color\":\"red\"}]","[{\"text\":\"This will remove any\",\"italic\":false,\"color\":\"red\"}]","[{\"text\":\"enchantments off of the\",\"italic\":false,\"color\":\"red\"}]","[{\"text\":\"item.\",\"italic\":false,\"color\":\"red\"},{\"text\":\"\",\"italic\":false,\"color\":\"dark_purple\"}]","[{\"text\":\"\",\"italic\":false,\"color\":\"dark_purple\"}]","[{\"text\":\"Valid Items:\",\"italic\":false,\"color\":\"gray\"},{\"text\":\"\",\"italic\":false,\"color\":\"dark_purple\"}]","[{\"text\":\"-Diamond armor\",\"italic\":false,\"color\":\"gray\"},{\"text\":\"\",\"italic\":false,\"color\":\"dark_purple\"}]","[{\"text\":\"-Stone sword\",\"italic\":false,\"color\":\"gray\"},{\"text\":\"\",\"italic\":false,\"color\":\"dark_purple\"}]","[{\"text\":\"-Shield\",\"italic\":false,\"color\":\"gray\"}]","[{\"text\":\"-Crossbow\",\"italic\":false,\"color\":\"gray\"}]"],
						"enchantments": {"levels":{"lure":0}}

					}
				}
			]
		},
		{
			"rolls": 2,
			"entries": [
				{
					"type": "minecraft:item",
					"weight": 3,
					"name": "minecraft:emerald",
					"functions": [
						{
							"function": "minecraft:set_count",
							"count": {
								"min": 4,
								"max": 7
							}
						}
					]
				},
				{
					"type": "minecraft:item",
					"weight": 1,
					"name": "minecraft:emerald_block",
					"functions": [
						{
							"function": "minecraft:set_count",
							"count": {
								"min": 1,
								"max": 3
							}
						}
					]
				}
			]
		},
		{
			"rolls": 2,
			"entries": [
				{
					"type": "minecraft:item",
					"name": "minecraft:gold_ingot",
					"functions": [
						{
							"function": "minecraft:set_count",
							"count": {
								"min": 4,
								"max": 7
							}
						}
					]
				},
				{
					"type": "minecraft:item",
					"name": "minecraft:diamond",
					"functions": [
						{
							"function": "minecraft:set_count",
							"count": {
								"min": 2,
								"max": 3
							}
						}
					]
				}
			]
		},
		{
			"rolls": {
				"min": 1,
				"max": 2
			},
			"entries": [
				{
					"type": "minecraft:item",
					"name": "minecraft:diamond_helmet",
					"functions": [
						{
							"function": "minecraft:enchant_with_levels",
							"levels": 10
						},
						{
							"function": "minecraft:set_damage",
							"damage": {
								"min": 0.05,
								"max": 0.5
							}
						}
					]
				},
				{
					"type": "minecraft:item",
					"name": "minecraft:diamond_chestplate",
					"functions": [
						{
							"function": "minecraft:enchant_with_levels",
							"levels": 10
						},
						{
							"function": "minecraft:set_damage",
							"damage": {
								"min": 0.05,
								"max": 0.5
							}
						}
					]
				},
				{
					"type": "minecraft:item",
					"name": "minecraft:diamond_leggings",
					"functions": [
						{
							"function": "minecraft:enchant_with_levels",
							"levels": 10
						},
						{
							"function": "minecraft:set_damage",
							"damage": {
								"min": 0.05,
								"max": 0.5
							}
						}
					]
				},
				{
					"type": "minecraft:item",
					"name": "minecraft:diamond_boots",
					"functions": [
						{
							"function": "minecraft:enchant_with_levels",
							"levels": 10
						},
						{
							"function": "minecraft:set_damage",
							"damage": {
								"min": 0.05,
								"max": 0.5
							}
						}
					]
				}
			]
		},
		{
			"rolls": 2,
			"entries": [
				{
					"type": "minecraft:item",
					"name": "minecraft:shield",
					"functions": [
						{
							"function": "minecraft:enchant_with_levels",
							"levels": 10
						},
						{
							"function": "minecraft:set_damage",
							"damage": {
								"min": 0.05,
								"max": 0.5
							}
						}
					]
				},
				{
					"type": "minecraft:item",
					"name": "minecraft:crossbow",
					"functions": [
						{
							"function": "minecraft:enchant_with_levels",
							"levels": 10
						},
						{
							"function": "minecraft:set_damage",
							"damage": {
								"min": 0.05,
								"max": 0.5
							}
						}
					]
				}
			]
		},
		{
			"rolls": 1,
			"entries": [
				{
					"type": "minecraft:item",
					"name": "minecraft:stone_sword",
					"functions": [
						{
							"function": "minecraft:set_damage",
							"damage": {
								"min": 0.05,
								"max": 0.2
							}
						}
					]
				}
			]
		},
		{
			"rolls": 1,
			"entries": [
				{
					"type": "minecraft:item",
					"name": "minecraft:candle",
					"functions": [
						{
							"function": "minecraft:set_count",
							"count": {
								"min": 5,
								"max": 8
							}
						}
					]
				}
			]
		},
		{
			"rolls": 1,
			"entries": [
				{
					"type": "minecraft:item",
					"weight": 40,
					"name": "minecraft:golden_apple",
					"functions": [
						{
							"function": "minecraft:set_count",
							"count": {
								"min": 1,
								"max": 2
							}
						}
					]
				},
				{
					"type": "minecraft:item",
					"weight": 1,
					"name": "minecraft:enchanted_golden_apple"
				}
			]
		}
	]
}
