{
  "type": "minecraft:crafting_shaped",
  "category": "misc",
  "pattern": [
    "www",
    "gdg",
    "lwl"
  ],
  "key": {
    "g": {
      "item": "minecraft:ender_eye"
    },
    "w": {
      "tag": "minecraft:planks"
    },
    "d": {
      "item": "minecraft:diamond"
    },
    "l": {
      "item": "minecraft:lapis_lazuli"
    }
  },
  "result": {
    "id": "minecraft:white_dye",
    "count": 1,
    "components": {
      "minecraft:custom_data": "{mystical_idol:1}",
      "minecraft:lore": [
        "{'color':'red','italic':false,'text':'Have the power to summon mystical beings.'}"
      ],
      "minecraft:item_name": "{'color':'dark_purple','italic':false,'text':'Mystical Totem'}",
      "minecraft:enchantment_glint_override": true,
      "minecraft:custom_model_data": 9898
    }
  }
}
