{
	"type": "minecraft:chest",
	"pools": [
		{
			"rolls": {
				"min": 0,
				"max": 1
			},
			"entries": [
				{
					"type": "minecraft:item",
					"name": "minecraft:diamond",
					"functions": [
						{
							"function": "minecraft:set_count",
							"count": {
								"min": 1,
								"max": 3
							}
						}
					]
				}
			]
		},
		{
			"rolls": 1,
			"bonus_rolls": {
				"min": 0,
				"max": 1
			},
			"entries": [
				{
					"type": "minecraft:item",
					"name": "minecraft:emerald_block",
					"functions": [
						{
							"function": "minecraft:set_count",
							"count": {
								"min": 2,
								"max": 5
							},
							"add": true
						}
					]
				}
			]
		},
		{
			"rolls": 5,
			"entries": [
				{
					"type": "minecraft:item",
					"weight": 1,
					"name": "minecraft:cobblestone",
					"functions": [
						{
							"function": "minecraft:set_count",
							"count": {
								"min": 1,
								"max": 6
							},
							"add": true
						}
					]
				},
				{
					"type": "minecraft:item",
					"weight": 1,
					"name": "minecraft:mossy_cobblestone",
					"functions": [
						{
							"function": "minecraft:set_count",
							"count": {
								"min": 1,
								"max": 6
							},
							"add": true
						}
					]
				}
			]
		}
	]
}
