{
	"credit": "Made with Blockbench",
	"textures": {
		"2": "item/soul_rocker/special_proj_2",
		"particle": "item/soul_rocker/special_proj_0"
	},
	"elements": [
		{
			"from": [-16, 8, -16],
			"to": [32, 8, 32],
			"rotation": {"angle": 0, "axis": "y", "origin": [14, 8, 0]},
			"faces": {
				"north": {"uv": [0, 0, 16, 0], "texture": "#2"},
				"east": {"uv": [0, 0, 16, 0], "texture": "#2"},
				"south": {"uv": [0, 0, 16, 0], "texture": "#2"},
				"west": {"uv": [0, 0, 16, 0], "texture": "#2"},
				"up": {"uv": [0, 0, 16, 16], "texture": "#2"},
				"down": {"uv": [0, 0, 16, 16], "texture": "#2"}
			}
		}
	],
	"display": {
		"head": {
			"translation": [0, -6, 0],
			"scale": [4, 4, 4]
		}
	}
}