{
	"feature": "cavernous:biomes/ice/icy/ice_pillar_up",
	"placement": [
		{
			"type": "minecraft:count",
			"count": 20
		},
		{
			"type": "minecraft:in_square"
		},
		{
			"type": "minecraft:height_range",
			"height": {
				"type": "minecraft:uniform",
				"min_inclusive": {
					"above_bottom": 0
				},
				"max_inclusive": {
					"absolute": 100
				}
			}
		},
		{
			"type": "minecraft:biome"
		},
		{
			"type": "minecraft:environment_scan",
			"direction_of_search": "down",
			"max_steps": 32,
			"target_condition": {
				"type": "minecraft:matching_blocks",
				"blocks": [
					"minecraft:ice",
					"minecraft:blue_ice"
				]
			},
			"allowed_search_condition": {
				"type": "minecraft:true"
			}
		}
	]
}
