{
	"feature": "cavernous:biomes/ice/icy/icicle_blob",
	"placement": [
	{
		"type": "minecraft:count",
		"count": 200
	},
	{
		"type": "minecraft:count",
		"count": 50
	},
	{
		"type": "minecraft:in_square"
	},
		{
			"type": "minecraft:height_range",
			"height": {
				"type": "minecraft:uniform",
				"min_inclusive": {
					"above_bottom": 0
				},
				"max_inclusive": {
					"absolute": 150
				}
			}
		},
		{
			"type": "minecraft:environment_scan",
			"direction_of_search": "up",
			"max_steps": 32,
			"target_condition": {
				"type": "minecraft:matching_blocks",
				"offset": [
					0,
					0,
					0
				],
				"blocks": [
					"minecraft:dripstone_block"
				]
			},
			"allowed_search_condition": {
				"type": "minecraft:true"
			}
		}
	]
}
