{
	"feature": {
		"type": "minecraft:ore",
		"config": {
			"size": 15,
			"discard_chance_on_air_exposure": 1,
			"targets": [
				{
					"target": {
						"predicate_type": "minecraft:blockstate_match",
						"block_state": {
							"Name": "minecraft:blue_ice"
						}
					},
					"state": {
						"Name": "minecraft:iron_ore"
					}
				}
			]
		}
	},
	"placement": [
		{
			"type": "minecraft:count",
			"count": 10
		},
		{
			"type": "minecraft:in_square"
		},
		{
			"type": "minecraft:height_range",
			"height": {
				"type": "minecraft:uniform",
				"min_inclusive": {
					"above_bottom": 0
				},
				"max_inclusive": {
					"below_top": 0
				}
			}
		},
		{
			"type": "minecraft:biome"
		}
	]
}
