{
	"feature": {
		"type": "minecraft:simple_block",
		"config": {
			"to_place": {
				"type": "minecraft:simple_state_provider",
				"state": {
					"Name": "minecraft:magenta_concrete"
				}
			}
		}
	},
	"placement": [
		{
			"type": "minecraft:height_range",
			"height": {
				"type": "minecraft:uniform",
				"min_inclusive": {
					"above_bottom": 32
				},
				"max_inclusive": {
					"absolute": 10
				}
			}
		},
		{
			"type": "minecraft:count",
			"count": 256
		},
		{
			"type": "minecraft:in_square"
		},
		{
			"type": "minecraft:biome"
		},
		{
			"type": "minecraft:environment_scan",
			"direction_of_search": "down",
			"max_steps": 32,
			"target_condition": {
				"type": "minecraft:all_of",
				"predicates": [
					{
						"type": "minecraft:matching_blocks",
						"offset": [
							0,
							0,
							0
						],
						"blocks": [
							"minecraft:orange_concrete"
						]
					},
					{
						"type": "minecraft:any_of",
						"predicates": [
							{
								"type": "minecraft:any_of",
								"predicates": [
									{
										"type": "minecraft:matching_blocks",
										"offset": [
											1,
											0,
											0
										],
										"blocks": [
											"minecraft:air"
										]
									},
									{
										"type": "minecraft:matching_fluids",
										"offset": [
											1,
											0,
											0
										],
										"fluids": [
											"minecraft:flowing_lava"
										]
									}
								]
							},
							{
								"type": "minecraft:any_of",
								"predicates": [
									{
										"type": "minecraft:matching_blocks",
										"offset": [
											-1,
											0,
											0
										],
										"blocks": [
											"minecraft:air"
										]
									},
									{
										"type": "minecraft:matching_fluids",
										"offset": [
											-1,
											0,
											0
										],
										"fluids": [
											"minecraft:flowing_lava"
										]
									}
								]
							},
							{
								"type": "minecraft:any_of",
								"predicates": [
									{
										"type": "minecraft:matching_blocks",
										"offset": [
											0,
											0,
											1
										],
										"blocks": [
											"minecraft:air"
										]
									},
									{
										"type": "minecraft:matching_fluids",
										"offset": [
											0,
											0,
											1
										],
										"fluids": [
											"minecraft:flowing_lava"
										]
									}
								]
							},
							{
								"type": "minecraft:any_of",
								"predicates": [
									{
										"type": "minecraft:matching_blocks",
										"offset": [
											0,
											0,
											-1
										],
										"blocks": [
											"minecraft:air"
										]
									},
									{
										"type": "minecraft:matching_fluids",
										"offset": [
											0,
											0,
											-1
										],
										"fluids": [
											"minecraft:flowing_lava"
										]
									}
								]
							},
							{
								"type": "minecraft:any_of",
								"predicates": [
									{
										"type": "minecraft:matching_blocks",
										"offset": [
											0,
											-1,
											0
										],
										"blocks": [
											"minecraft:air"
										]
									},
									{
										"type": "minecraft:matching_fluids",
										"offset": [
											0,
											-1,
											0
										],
										"fluids": [
											"minecraft:flowing_lava"
										]
									}
								]
							}
						]
					}
				]
			},
			"allowed_search_condition": {
				"type": "minecraft:true"
			}
		}
	]
}
