{
	"feature": {
		"type": "minecraft:ore",
		"config": {
			"size": 4,
			"discard_chance_on_air_exposure": 0.55,
			"targets": [
				{
					"target": {
						"predicate_type": "minecraft:tag_match",
						"tag": "cavernous:biomes/thermal/volcanic_caves/extra_diamond_replaceable"
					},
					"state": {
						"Name": "minecraft:deepslate_diamond_ore"
					}
				}
			]
		}
	},
	"placement": [
		{
			"type": "minecraft:count",
			"count": 7
		},
		{
			"type": "minecraft:rarity_filter",
			"chance": 2
		},
		{
			"type": "minecraft:in_square"
		},
		{
			"type": "minecraft:height_range",
			"height": {
				"type": "minecraft:biased_to_bottom",
				"min_inclusive": {
					"above_bottom": 4
				},
				"max_inclusive": {
					"absolute": 0
				}
			}
		},
		{
			"type": "minecraft:biome"
		}
	]
}
