{
	"feature": {
		"type": "minecraft:random_selector",
		"config": {
			"features": [
				{
					"chance": 0.5,
					"feature": {
						"feature": {
							"type": "minecraft:ore",
							"config": {
								"size": 64,
								"discard_chance_on_air_exposure": 0,
								"targets": [
									{
										"target": {
											"predicate_type": "minecraft:tag_match",
											"tag": "cavernous:biomes/thermal/volcanic_caves/splotch_replaceable"
										},
										"state": {
											"Name": "minecraft:tuff"
										}
									}
								]
							}
						},
						"placement": []
					}
				}
			],
			"default": {
				"feature": {
					"type": "minecraft:ore",
					"config": {
						"size": 64,
						"discard_chance_on_air_exposure": 0,
						"targets": [
							{
								"target": {
									"predicate_type": "minecraft:tag_match",
									"tag": "cavernous:biomes/thermal/volcanic_caves/splotch_replaceable"
								},
								"state": {
									"Name": "minecraft:basalt"
								}
							}
						]
					}
				},
				"placement": []
			}
		}
	},
	"placement": [
		{
			"type": "minecraft:count",
			"count": 2
		},
		{
			"type": "minecraft:in_square"
		},
		{
			"type": "minecraft:height_range",
			"height": {
				"type": "minecraft:uniform",
				"min_inclusive": {
					"above_bottom": 0
				},
				"max_inclusive": {
					"below_top": 0
				}
			}
		},
		{
			"type": "minecraft:biome"
		}
	]
}
