{
  "type": "minecraft:chest",
  "pools": [
    {
      "rolls": 9,
      "bonus_rolls": 0,
      "entries": [
        {
          "type": "minecraft:item",
          "name": "minecraft:scaffolding",
          "weight": 3,
          "functions": [
            {
              "function": "minecraft:set_count",
              "count": 2
            }
          ]
        },
        {
          "type": "minecraft:item",
          "name": "minecraft:iron_ingot",
          "weight": 3,
          "functions": [
            {
              "function": "minecraft:set_count",
              "count": 2
            }
          ]
        },
        {
          "type": "minecraft:item",
          "name": "minecraft:honeycomb",
          "weight": 2,
          "functions": [
            {
              "function": "minecraft:set_count",
              "count": 2
            }
          ]
        },
        {
          "type": "minecraft:item",
          "name": "minecraft:ender_pearl",
          "weight": 2
        },
        {
          "type": "minecraft:item",
          "name": "minecraft:bamboo",
          "weight": 3
        },
        {
          "type": "minecraft:item",
          "name": "minecraft:cobweb",
          "weight": 10
        }
      ]
    }
  ]
}
