{
  "type": "minecraft:chest",
  "pools": [
    {
      "rolls": 15,
      "bonus_rolls": 0,
      "entries": [
        {
          "type": "minecraft:item",
          "name": "minecraft:emerald_block",
          "weight": 6
        },
        {
          "type": "minecraft:item",
          "name": "minecraft:tipped_arrow",
          "weight": 20,
          "functions": [
            {
              "function": "minecraft:set_count",
              "count": {
                "type": "minecraft:uniform",
                "min": 1,
                "max": 3
              },
              "add": false
            },
            {
              "function": "minecraft:set_potion",
              "id": "minecraft:poison"
            }
          ]
        },
        {
          "type": "minecraft:item",
          "name": "minecraft:honeycomb",
          "weight": 15
        },
        {
          "type": "minecraft:item",
          "name": "minecraft:iron_ingot",
          "weight": 20
        },
        {
          "type": "minecraft:item",
          "name": "minecraft:bamboo",
          "weight": 20
        },
        {
          "type": "minecraft:item",
          "name": "minecraft:trial_key",
          "weight": 1
        },
        {
          "type": "minecraft:item",
          "name": "minecraft:ominous_bottle",
          "weight": 1
        }
      ]
    }
  ]
}
