{
  "type": "minecraft:chest",
  "pools": [
      {
          "rolls": 1,
          "bonus_rolls": 0,
          "entries": [
              {
                  "type": "minecraft:item",
                  "name": "minecraft:enchanted_golden_apple",
                  "weight": 1
              },
              {
                  "type": "minecraft:item",
                  "name": "minecraft:bolt_armor_trim_smithing_template",
                  "weight": 3
              },
              {
                  "type": "minecraft:item",
                  "name": "minecraft:guster_banner_pattern",
                  "weight": 2
              },
              {
                  "type": "minecraft:item",
                  "name": "minecraft:music_disc_precipice",
                  "weight": 2
              },
              {
                  "type": "minecraft:item",
                  "name": "minecraft:trident"
              }
          ]
      }
  ]
}