{
    "type": "minecraft:chest",
    "pools": [
      {
        "rolls": 1,
        "bonus_rolls": 0,
        "entries": [
          {
            "type": "minecraft:loot_table",
            "value": "minecraft:chests/trial_chambers/reward_rare",
            "weight": 8
          },
          {
            "type": "minecraft:loot_table",
            "value": "minecraft:chests/trial_chambers/reward_common",
            "weight": 2
          }
        ]
      },
      {
        "rolls": {
          "type": "minecraft:uniform",
          "min": 1,
          "max": 3
        },
        "bonus_rolls": 0,
        "entries": [
          {
            "type": "minecraft:loot_table",
            "value": "minecraft:chests/trial_chambers/reward_common"
          }
        ]
      },
      {
        "rolls": 1,
        "bonus_rolls": 0,
        "entries": [
          {
            "type": "minecraft:loot_table",
            "value": "minecraft:chests/trial_chambers/reward_unique"
          }
        ],
        "conditions": [
          {
            "condition": "minecraft:random_chance",
            "chance": 0.25
          }
        ]
      }
    ],
    "random_sequence": "minecraft:chests/trial_chambers/reward"
  }
  