{
	"type": "minecraft:tree",
	"config": {
		"ignore_vines": true,
		"force_dirt": false,
		"minimum_size": {
			"type": "minecraft:two_layers_feature_size"
		},
		"dirt_provider": {
			"type": "minecraft:simple_state_provider",
			"state": {
				"Name": "minecraft:nether_wart_block"
			}
		},
		"trunk_provider": {
			"type": "minecraft:simple_state_provider",
			"state": {
				"Name": "minecraft:nether_wart_block",
				"Properties": {
					"axis": "y"
				}
			}
		},
		"foliage_provider": {
			"type": "minecraft:weighted_state_provider",
			"entries": [
				{
					"weight": 2,
					"data": {
						"Name": "minecraft:nether_wart_block"
					}
				},
				{
					"weight": 1,
					"data": {
						"Name": "minecraft:shroomlight"
					}
				}
			]
		},
		"trunk_placer": {
			"type": "minecraft:cherry_trunk_placer",
			"base_height": 3,
			"height_rand_a": 2,
			"height_rand_b": 1,
			"branch_count": {
				"type": "minecraft:uniform",
				
					"min_inclusive": 2,
					"max_inclusive": 3
				
			},
			"branch_horizontal_length": 2,
			"branch_start_offset_from_top": {
				"min_inclusive": -3,
				"max_inclusive": 0
			},
			"branch_end_offset_from_top": {
				"type": "minecraft:uniform",
				
					"min_inclusive": 0,
					"max_inclusive": 1
				
			}
		},
		"foliage_placer": {
			"type": "minecraft:random_spread_foliage_placer",
			"radius": 2,
			"offset": 0,
			"foliage_height": 2,
			"leaf_placement_attempts": 10
		},
		"decorators": [
			{
				"type": "minecraft:attached_to_leaves",
				"probability": 0.1,
				"exclusion_radius_xz": 1,
				"exclusion_radius_y": 1,
				"required_empty_blocks": 1,
				"block_provider": {
					"type": "minecraft:simple_state_provider",
					"state": {
						"Name": "minecraft:shroomlight"
					}
				},
				"directions": [
					"west"
				]
			},
			{
				"type": "minecraft:attached_to_leaves",
				"probability": 0.1,
				"exclusion_radius_xz": 1,
				"exclusion_radius_y": 1,
				"required_empty_blocks": 1,
				"block_provider": {
					"type": "minecraft:simple_state_provider",
					"state": {
						"Name": "minecraft:shroomlight"
					}
				},
				"directions": [
					"south"
				]
			},
			{
				"type": "minecraft:attached_to_leaves",
				"probability": 0.1,
				"exclusion_radius_xz": 1,
				"exclusion_radius_y": 1,
				"required_empty_blocks": 1,
				"block_provider": {
					"type": "minecraft:simple_state_provider",
					"state": {
						"Name": "minecraft:shroomlight"
					}
				},
				"directions": [
					"east"
				]
			},
			{
				"type": "minecraft:attached_to_leaves",
				"probability": 0.1,
				"exclusion_radius_xz": 1,
				"exclusion_radius_y": 1,
				"required_empty_blocks": 1,
				"block_provider": {
					"type": "minecraft:simple_state_provider",
					"state": {
						"Name": "minecraft:shroomlight"
					}
				},
				"directions": [
					"north"
				]
			},
			{
				"type": "minecraft:attached_to_leaves",
				"probability": 0.1,
				"exclusion_radius_xz": 1,
				"exclusion_radius_y": 1,
				"required_empty_blocks": 1,
				"block_provider": {
					"type": "minecraft:simple_state_provider",
					"state": {
						"Name": "minecraft:shroomlight"
					}
				},
				"directions": [
					"up"
				]
			},
			{
				"type": "minecraft:attached_to_leaves",
				"probability": 0.1,
				"exclusion_radius_xz": 1,
				"exclusion_radius_y": 1,
				"required_empty_blocks": 1,
				"block_provider": {
					"type": "minecraft:simple_state_provider",
					"state": {
						"Name": "minecraft:shroomlight"
					}
				},
				"directions": [
					"down"
				]
			}
		]
	}
}
