{
	"credit": "Made with Blockbench",
	"textures": {
		"3": "item/wither/homing_projectile/impact_effect/3",
		"particle": "item/wither/homing_projectile/impact_effect/0"
	},
	"elements": [
		{
			"from": [0, 0, 8],
			"to": [16, 16, 8],
			"rotation": {"angle": 0, "axis": "y", "origin": [0, 0, 7]},
			"faces": {
				"north": {"uv": [0, 0, 16, 16], "texture": "#3"},
				"east": {"uv": [0, 0, 0, 16], "texture": "#3"},
				"south": {"uv": [0, 0, 16, 16], "texture": "#3"},
				"west": {"uv": [0, 0, 0, 16], "texture": "#3"},
				"up": {"uv": [0, 0, 16, 0], "texture": "#3"},
				"down": {"uv": [0, 0, 16, 0], "texture": "#3"}
			}
		}
	]
}