{
	"feature": {
		"type": "minecraft:random_patch",
		"config": {
			"tries": 88,
			"xz_spread": 5,
			"y_spread": 3,
			"feature": {
				"feature": {
					"type": "minecraft:random_boolean_selector",
					"config": {
						"feature_false": {
							"feature": "cavernous:biomes/lush/fungal/mushrooms/brown_mini",
							"placement": []
						},
						"feature_true": {
							"feature": "cavernous:biomes/lush/fungal/mushrooms/red_mini",
							"placement": []
						}
					}
				},
				"placement": []
			}
		}
	},
	"placement": [
		{
			"type": "minecraft:noise_based_count",
			"noise_to_count_ratio": 12,
			"noise_factor": 1,
			"noise_offset": 0
		},
		{
			"type": "minecraft:in_square"
		},
		{
			"type": "minecraft:height_range",
			"height": {
				"type": "minecraft:uniform",
				"min_inclusive": {
					"above_bottom": 0
				},
				"max_inclusive": {
					"absolute": 55
				}
			}
		},
		{
			"type": "minecraft:biome"
		}
	]
}
