{
	"feature": "cavernous:biomes/lush/tropical/vine/w",
	"placement": [
		{
			"type": "minecraft:count",
			"count": 50
		},
		{
			"type": "minecraft:height_range",
			"height": {
				"type": "minecraft:uniform",
				"min_inclusive": {
					"above_bottom": 32
				},
				"max_inclusive": {
					"absolute": 57
				}
			}
		},
		{
			"type": "minecraft:biome"
		},
		{
			"type": "minecraft:in_square"
		},
		{
			"type": "minecraft:environment_scan",
			"direction_of_search": "down",
			"max_steps": 32,
			"target_condition": {
				"type": "minecraft:all_of",
				"predicates": [
					{
						"type": "minecraft:matching_blocks",
						"blocks": [
							"minecraft:air"
						]
					},
					{
						"type": "minecraft:any_of",
						"predicates": [
							{
								"type": "minecraft:matching_blocks",
								"offset": [
									-1,
									0,
									0
								],
								"blocks": [
									"minecraft:mud"
								]
							},
							{
								"type": "minecraft:matching_block_tag",
								"offset": [
									-1,
									0,
									0
								],
								"tag": "cavernous:all_cave_blocks"
							}
						]
					},
					{
						"type": "minecraft:matching_blocks",
						"offset": [
							0,
							-1,
							0
						],
						"blocks": [
							"minecraft:air"
						]
					}
				]
			},
			"allowed_search_condition": {
				"type": "minecraft:true"
			}
		}
	]
}
